dtstart,dtend,dtstamp,organizer,uid,attendee,created,description,last-modified,location,sequence,status,summary,transp
"2020-11-29T05:30:00Z","2020-11-29T06:30:00Z","2022-03-07T13:04:23Z","","63c502flhjnmoqet2t76gc2aqv@google.com","","2020-11-28T17:57:02Z","","2020-11-29T04:30:59Z","","2","CONFIRMED","Unarchived Karaoke","OPAQUE"
"2020-11-30T09:00:00Z","2020-11-30T10:00:00Z","2022-03-07T13:04:23Z","","45e4br930hpg7ea0rob70k31f6@google.com","","2020-11-29T23:37:46Z","","2020-11-30T06:09:41Z","","3","CONFIRMED","Unarchived Karaoke Round 2","OPAQUE"
"2020-12-02T07:30:00Z","2020-12-02T08:30:00Z","2022-03-07T13:04:23Z","","0c2ma7nh1bjc3mjk2g4ql06jcc@google.com","","2020-11-30T06:46:43Z","","2020-12-02T04:21:23Z","https://www.youtube.com/watch?v=A9zdqulTvPo","1","CONFIRMED","[Kazoo Concert] Superchat Wipeout!!","OPAQUE"
"2020-12-03T07:15:00Z","2020-12-03T08:15:00Z","2022-03-07T13:04:23Z","","15jl306q0su7f86hbnflno6aki@google.com","","2020-11-30T06:49:30Z","","2020-12-03T00:22:10Z","https://www.youtube.com/watch?v=q4cThsyVn-U&feature=youtu.be","3","CONFIRMED","Crash Bandicoot 4","OPAQUE"
"2020-12-03T13:00:00Z","2020-12-03T14:00:00Z","2022-03-07T13:04:23Z","","05scre0mhe0vfdk11hedoc5lgb@google.com","","2020-11-30T06:51:10Z","","2020-12-03T00:22:35Z","https://www.youtube.com/watch?v=vXysv-_1X6w&feature=youtu.be","1","CONFIRMED","Atlus, Please Let Me Play Persona 3. #CallioP3","OPAQUE"
"2020-11-29T08:00:00Z","2020-11-29T09:00:00Z","2022-03-07T13:04:23Z","","43a3s7qv2qs9vi88ebd93al5bd@google.com","","2020-11-29T07:40:22Z","","2020-12-03T20:29:50Z","https://www.youtube.com/watch?v=tUbpjNBApvo","0","CONFIRMED","Karaoke After Party 雑談","OPAQUE"
"2020-11-29T14:30:00Z","2020-11-29T15:30:00Z","2022-03-07T13:04:23Z","","7jfj0heq0hugm9fijegulb4b66@google.com","","2020-11-29T18:57:19Z","","2020-12-03T20:38:21Z","https://www.youtube.com/watch?v=JW-FAHeJnqE","2","CONFIRMED","[Members]","OPAQUE"
"2020-12-04T07:30:00Z","2020-12-04T08:30:00Z","2022-03-07T13:04:23Z","","5cnm5ne7jmqqlj7o81rs7udto3@google.com","","2020-11-30T06:51:41Z","","2020-12-04T03:44:31Z","https://www.youtube.com/watch?v=H6lCL8ka4e4","1","CONFIRMED","Minecraft","OPAQUE"
"2020-11-30T13:30:00Z","2020-11-30T14:30:00Z","2022-03-07T13:04:23Z","","7t2aaa9nfnuuu07h1dqls4i7c1@google.com","","2020-11-29T18:58:54Z","","2020-12-04T09:19:29Z","https://www.youtube.com/watch?v=kyOoU2eAZUU","0","CONFIRMED","[Members]","OPAQUE"
"2020-12-01T07:30:00Z","2020-12-01T08:30:00Z","2022-03-07T13:04:23Z","","00om3f1fdchhe4u3tm0mgj8b1m@google.com","","2020-11-29T18:59:32Z","","2020-12-04T09:20:41Z","https://www.youtube.com/watch?v=Ep5ed7GZWJg","0","CONFIRMED","[Members]","OPAQUE"
"2020-12-05T03:00:00Z","2020-12-05T04:00:00Z","2022-03-07T13:04:23Z","","6jjhaqb53k0cnjqs0m48899ktm@google.com","","2020-11-30T06:52:22Z","","2020-12-04T11:09:25Z","https://www.youtube.com/watch?v=OywYzhdsvyU","1","CONFIRMED","Rap Party!","OPAQUE"
"2020-12-07T07:30:00Z","2020-12-07T09:30:00Z","2022-03-07T13:04:23Z","","597p96nmqv79mr86907e8kkgh2@google.com","","2020-12-07T02:18:05Z","","2020-12-07T08:15:50Z","https://youtu.be/r3Ottnh8T0Q","0","CONFIRMED","[Read-along] My Dad Is The Queen Of All Vtubers?!","OPAQUE"
"2020-12-09T08:00:00Z","2020-12-09T10:25:00Z","2022-03-07T13:04:23Z","","45u1tdthhmq2sbc0gal2llp6ct@google.com","","2020-12-08T05:03:06Z","","2020-12-09T10:29:00Z","https://www.youtube.com/watch?v=8Z_YI3xc8dg&feature=youtu.be","0","CONFIRMED","[Chatting] Raps and Supers","OPAQUE"
"2020-12-10T07:30:00Z","2020-12-10T09:00:00Z","2022-03-07T13:04:23Z","","6b1ef81pqjlgakqkvgmecnhv6k@google.com","","2020-12-07T02:21:17Z","","2020-12-10T08:31:19Z","https://www.youtube.com/watch?v=cgpZHuOFZ10","2","CONFIRMED","[Chatting] Sleepy Reaper Fake ASMR","OPAQUE"
"2020-12-11T08:00:00Z","2020-12-11T10:05:00Z","2022-03-07T13:04:23Z","","0i7neai1cbdndm3vveu8q5br1c@google.com","","2020-12-07T02:22:34Z","","2020-12-11T12:04:06Z","https://www.youtube.com/watch?v=t7buf2ldafA","2","CONFIRMED","[Gaming] Blasphemous","OPAQUE"
"2020-12-14T14:30:00Z","2020-12-14T17:30:00Z","2022-03-07T13:04:23Z","","0oqt2kuq95liigtc6ask1gg962@google.com","","2020-12-13T15:07:48Z","","2020-12-14T13:35:36Z","https://www.youtube.com/watch?v=hJ7nyJcOG7E","2","CONFIRMED","[Watch-along] Fight Club","OPAQUE"
"2020-12-15T00:00:00Z","2020-12-15T02:00:00Z","2022-03-07T13:04:23Z","","5adl9mui2bj6jcocppnc8joijr@google.com","","2020-12-13T19:06:22Z","","2020-12-14T23:23:37Z","https://www.youtube.com/watch?v=X9pgNsp5dFs","0","CONFIRMED","[Unarchived] Singing to 800k/Celebrating 800k","OPAQUE"
"2020-12-17T07:30:00Z","2020-12-17T09:00:00Z","2022-03-07T13:04:23Z","","2oaoacjqsuqb50dgj45o8ahc1k@google.com","","2020-12-13T19:06:56Z","","2020-12-17T09:56:27Z","https://www.youtube.com/watch?v=CNcawBhbZ2w","0","CONFIRMED","[Gaming] Blasphemous","OPAQUE"
"2020-12-18T07:30:00Z","2020-12-18T08:20:00Z","2022-03-07T13:04:23Z","","7tdfjeo7ea5eafv1m8d368nvm3@google.com","","2020-12-13T19:07:28Z","","2020-12-18T08:34:19Z","https://www.youtube.com/watch?v=w6XdG08AF3U","0","CONFIRMED","[Gaming] Minecraft","OPAQUE"
"2020-12-21T14:00:00Z","2020-12-21T15:00:00Z","2022-03-07T13:04:23Z","","19qi72bd8ga46ge35m2tko59d5@google.com","","2020-12-20T14:42:12Z","","2020-12-20T14:42:12Z","https://www.youtube.com/watch?v=JL8O-0Kqkc4","0","CONFIRMED","[Gaming] Shadowverse (CCG)","OPAQUE"
"2020-12-23T14:00:00Z","2020-12-23T15:30:00Z","2022-03-07T13:04:23Z","","67r2iqc6pfqsun473bh5mjg72j@google.com","","2020-12-21T01:42:03Z","","2020-12-23T06:30:32Z","https://www.youtube.com/watch?v=8TwC4ynM4VM&feature=youtu.be","1","CONFIRMED","[Chatting] Sleepy ASMR","OPAQUE"
"2020-12-25T13:30:00Z","2020-12-25T14:30:00Z","2022-03-07T13:04:23Z","","40aa5ljrumampabgn4q645pdr0@google.com","","2020-12-21T01:42:24Z","","2020-12-25T11:23:31Z","https://www.youtube.com/watch?v=zEA5ApAVB6k","4","CONFIRMED","[Chatting] Christmas Date???","OPAQUE"
"2020-12-26T03:00:00Z","2020-12-26T04:30:00Z","2022-03-07T13:04:23Z","","42ul98obm82kntc6vbvlmn2gal@google.com","","2020-12-21T01:42:52Z","","2020-12-26T00:41:37Z","https://www.youtube.com/watch?v=tIsffGpCvDA","2","CONFIRMED","[Gaming] Touhou Spell Bubble","OPAQUE"
"2020-12-27T04:00:00Z","2020-12-27T05:30:00Z","2022-03-07T13:04:23Z","","4ujbejlp3bdefcp48uqoq1g42g@google.com","","2020-12-21T01:44:31Z","","2020-12-27T02:00:15Z","https://www.youtube.com/watch?v=fJEjJCXOLiA","0","CONFIRMED","[Karaoke] Holiday Live Show","OPAQUE"
"2020-12-28T01:00:00Z","2020-12-28T03:00:00Z","2022-03-07T13:04:23Z","","262juhvbjr5mielee65nvl4sho@google.com","","2020-12-27T12:36:19Z","","2020-12-27T20:18:06Z","https://www.youtube.com/watch?v=c3YJGwm15yI&feature=youtu.be","1","CONFIRMED","[Superchat] Superchat Reading","OPAQUE"
"2020-12-28T03:00:00Z","2020-12-28T04:30:00Z","2022-03-07T13:04:23Z","","4q6ohdmhtjlabscerv6n95ood9@google.com","","2020-12-27T20:17:48Z","","2020-12-28T04:32:05Z","","0","CONFIRMED","[Members] Chill Chatting (Tier 1)","OPAQUE"
"2020-12-29T07:00:00Z","2020-12-29T08:30:00Z","2022-03-07T13:04:23Z","","78sqb2t6tvaja83r4bta71r16i@google.com","","2020-12-27T20:18:52Z","","2020-12-28T04:34:18Z","","0","CONFIRMED","[Members] Wine Party (Tier 2)","OPAQUE"
"2020-12-30T05:00:00Z","2020-12-30T06:30:00Z","2022-03-07T13:04:23Z","","2o09kleg8jsi05armal736oae6@google.com","","2020-12-27T20:19:49Z","","2020-12-28T04:35:06Z","","0","CONFIRMED","[Members] Creative (Tier 3)","OPAQUE"
"2020-12-30T02:00:00Z","2020-12-30T04:00:00Z","2022-03-07T13:04:23Z","","60o38pj674qjab9h74rjib9k70r32b9p60p6abb5ckpjgo9g6gpm4e9gc8@google.com","","2020-12-27T20:11:29Z","","2020-12-29T13:25:35Z","https://www.youtube.com/watch?v=m4MR1YdbtCw","0","CONFIRMED","[Gaming] Minecraft","OPAQUE"
"2020-12-29T13:00:00Z","2020-12-29T17:00:00Z","2022-03-07T13:04:23Z","","cdij4phoc5i3ib9pchi32b9kckq6ab9p6hhj4bb661i32chi70q34p1gcg@google.com","","2020-12-27T20:09:57Z","","2020-12-29T17:37:02Z","https://www.youtube.com/watch?v=FWGwve9OHQs","0","CONFIRMED","[Gaming] Blasphemous","OPAQUE"
"2021-01-04T04:00:00Z","2021-01-04T06:00:00Z","2022-03-07T13:04:23Z","","5l47pvs1bkuhjtrmn6er9496jr@google.com","","2021-01-02T15:03:56Z","","2021-01-03T16:44:31Z","https://www.youtube.com/watch?v=wM9S5TTGpz8","0","CONFIRMED","[Chatting] New Year Wine Party","OPAQUE"
"2021-01-04T12:00:00Z","2021-01-04T15:00:00Z","2022-03-07T13:04:23Z","","0b08ro3s2vah1s9tbv3di05f7p@google.com","","2021-01-03T16:15:50Z","","2021-01-04T00:52:28Z","https://www.youtube.com/watch?v=qIhnq4SJZKQ","0","CONFIRMED","[Gaming] Blasphemous","OPAQUE"
"2021-01-05T03:00:00Z","2021-01-05T04:30:00Z","2022-03-07T13:04:23Z","","2fi0vv0d5cgsd7qmkhjfms4v4l@google.com","","2021-01-03T16:16:28Z","","2021-01-04T16:32:25Z","https://www.youtube.com/watch?v=3e49Yh0rgIM","0","CONFIRMED","[Chatting] First ASMR Mic Test","OPAQUE"
"2021-01-06T01:00:00Z","2021-01-06T09:00:00Z","2022-03-07T13:04:23Z","","0ndj6pthh1n0cdis6ke0jldiud@google.com","","2021-01-03T16:17:04Z","","2021-01-05T19:08:14Z","https://www.youtube.com/watch?v=256g6b0_-0Q","0","CONFIRMED","[Gaming] Crash Bandicoot 4","OPAQUE"
"2021-01-07T11:00:00Z","2021-01-07T12:30:00Z","2022-03-07T13:04:23Z","","7fdt6326vql8s4riti8bs8mrad@google.com","","2021-01-03T16:20:05Z","","2021-01-07T22:00:51Z","https://www.youtube.com/watch?v=w_hrkrA1C-M&feature=youtu.be","3","CONFIRMED","[Chatting] Japanese Only Stream!","OPAQUE"
"2021-01-09T04:00:00Z","2021-01-09T09:00:00Z","2022-03-07T13:04:23Z","","5a89un1v50ocpblk7el8a954em@google.com","","2021-01-03T16:20:56Z","","2021-01-08T10:10:36Z","https://www.youtube.com/watch?v=KyFJl_6nFbc","1","CONFIRMED","[Watch-along] Double Feature: The Room & The Disaster Artist","OPAQUE"
"2021-01-11T03:00:00Z","2021-01-11T09:00:00Z","2022-03-07T13:04:23Z","","2om85aj0tqq0l2evlf47btegra@google.com","","2021-01-10T20:02:23Z","","2021-01-11T01:44:16Z","https://www.youtube.com/watch?v=uzal_WfJM20","1","CONFIRMED","[Gaming] Crash 4 finale!","OPAQUE"
"2021-01-13T00:00:00Z","2021-01-13T01:30:00Z","2022-03-07T13:04:23Z","","55t767i5oblthd3mobliff0e25@google.com","","2021-01-10T20:03:28Z","","2021-01-11T14:27:50Z","","1","CONFIRMED","[Members] Just Chatting!","OPAQUE"
"2021-01-13T03:00:00Z","2021-01-13T07:00:00Z","2022-03-07T13:04:23Z","","0nn8e1iv4r6srb53n60d2rrn8g@google.com","","2021-01-10T20:03:47Z","","2021-01-12T13:55:40Z","https://www.youtube.com/watch?v=spG6fApOi5c","1","CONFIRMED","[Gaming] Blasphemous","OPAQUE"
"2021-01-13T23:00:00Z","2021-01-14T00:30:00Z","2022-03-07T13:04:23Z","","6cct7hramqqlps7ns04d0citkj@google.com","","2021-01-10T20:04:08Z","","2021-01-13T13:14:56Z","https://www.youtube.com/watch?v=gkH4u_ZUICE","1","CONFIRMED","[Chatting] Coffee break chit-chat","OPAQUE"
"2021-01-14T15:00:00Z","2021-01-14T17:00:00Z","2022-03-07T13:04:23Z","","7336v46qru657vvkr46erojn64@google.com","","2021-01-10T20:04:31Z","","2021-01-14T08:07:44Z","https://www.youtube.com/watch?v=ENMA8IybMAI","1","CONFIRMED","[ASMR] ASMR Take 2","OPAQUE"
"2021-01-15T04:00:00Z","2021-01-15T05:30:00Z","2022-03-07T13:04:23Z","","7fg2jv1db2uq5i0v3qc7tnb6q6@google.com","","2021-01-10T20:05:30Z","","2021-01-15T02:27:09Z","https://www.youtube.com/watch?v=zhcb7kvD_34","0","CONFIRMED","[Gaming] Touhou Spell Bubble","OPAQUE"
"2021-01-16T23:40:00Z","2021-01-17T01:10:00Z","2022-03-07T13:04:23Z","","6fturumi29gooung7h8vk79h88@google.com","","2021-01-10T20:06:42Z","","2021-01-16T23:20:30Z","https://www.youtube.com/watch?v=cDXCTmQzAak","2","CONFIRMED","[Gaming] RPG Maker Game - Ib","OPAQUE"
"2021-01-17T14:00:00Z","2021-01-17T16:00:00Z","2022-03-07T13:04:23Z","","3gjvsvtk9nu46gdh15st4fll6m@google.com","","2021-01-10T20:05:03Z","","2021-01-17T13:06:45Z","https://www.youtube.com/watch?v=j8Gu60KYT9I","0","CONFIRMED","[Chatting] Wine Party w/ Crunchy Snacks!","OPAQUE"
"2021-01-18T04:00:00Z","2021-01-18T06:40:00Z","2022-03-07T13:04:23Z","","62dourbjcji0fbkqpdkavr2fuc@google.com","","2021-01-17T22:03:04Z","","2021-01-18T08:14:05Z","https://youtu.be/ri36EuiV5xI","0","CONFIRMED","[Superchat] Superchat Send-Off","OPAQUE"
"2021-01-19T01:00:00Z","2021-01-19T03:00:00Z","2022-03-07T13:04:23Z","","0bfsse464c8jcuve7k5p0hh50e@google.com","","2021-01-17T22:03:21Z","","2021-01-18T20:00:51Z","https://www.youtube.com/watch?v=DEOetwi0-hA&feature=youtu.be","0","CONFIRMED","[Gaming] Minecraft","OPAQUE"
"2021-01-21T14:00:00Z","2021-01-21T17:00:00Z","2022-03-07T13:04:23Z","","7q7bce5d0hiuau6ek9h6i7ltcm@google.com","","2021-01-17T22:05:07Z","","2021-01-19T13:07:53Z","","0","CONFIRMED","[Members] Tier 2 Watch-along: Movie TBA","OPAQUE"
"2021-01-20T03:00:00Z","2021-01-20T05:30:00Z","2022-03-07T13:04:23Z","","65msmld1po8knvjmkle3qcl554@google.com","","2021-01-17T22:04:11Z","","2021-01-20T01:55:11Z","https://www.youtube.com/watch?v=VptLw_OnSoM","0","CONFIRMED","[Gaming] Blasphemous","OPAQUE"
"2021-01-19T13:00:00Z","2021-01-19T15:00:00Z","2022-03-07T13:04:23Z","","27c38vg334na1u12103ks4tea3@google.com","","2021-01-17T22:03:47Z","","2021-01-20T01:55:24Z","https://www.youtube.com/watch?v=xiwp1xOgdR4","0","CONFIRMED","[Chatting] Marshmellow Q&A session","OPAQUE"
"2021-01-21T12:00:00Z","2021-01-21T13:30:00Z","2022-03-07T13:04:23Z","","5vpi1sf4bv3eovmv1aeh4p4o9g@google.com","","2021-01-17T22:04:34Z","","2021-01-21T10:57:13Z","https://youtu.be/EgOYVKiWQjc","0","CONFIRMED","[Chatting] ASMR Storytime","OPAQUE"
"2021-01-24T03:00:00Z","2021-01-24T05:00:00Z","2022-03-07T13:04:23Z","","4h47e4e2nbsnmo0mq08dj7dd88@google.com","","2021-01-17T22:05:34Z","","2021-01-23T02:30:20Z","https://www.youtube.com/watch?v=JEVWiUhXO-Q","1","CONFIRMED","[Gaming] Getting Over It","OPAQUE"
"2021-01-25T01:00:00Z","2021-01-25T01:30:00Z","2022-03-07T13:04:23Z","","6dvn04k6r5q02g5c2nv0dmm6sm@google.com","","2021-01-24T11:24:31Z","","2021-01-25T16:32:08Z","https://www.youtube.com/watch?v=YRKZnRale5g","0","CONFIRMED","Intro & Announcements","OPAQUE"
"2021-01-25T01:30:00Z","2021-01-25T03:00:00Z","2022-03-07T13:04:23Z","","5l4i6tu585q0qk4i99fpsvovkm@google.com","","2021-01-24T11:25:51Z","","2021-01-25T16:34:09Z","https://youtu.be/YRKZnRale5g?t=1700","0","CONFIRMED","[Gaming] RPG Maker Sunday","OPAQUE"
"2021-01-25T03:00:00Z","2021-01-25T03:30:00Z","2022-03-07T13:04:23Z","","2i1tjvhfjql8ecc9curjadlpsp@google.com","","2021-01-24T11:26:04Z","","2021-01-25T16:35:26Z","https://youtu.be/YRKZnRale5g?t=7118","0","CONFIRMED","[Chatting] Just Chatting!","OPAQUE"
"2021-01-25T03:30:00Z","2021-01-25T05:30:00Z","2022-03-07T13:04:23Z","","1tg149tghpcje72tjme0gu6koh@google.com","","2021-01-24T11:26:14Z","","2021-01-25T16:36:47Z","https://youtu.be/YRKZnRale5g?t=8815","0","CONFIRMED","[Gaming] Skyrim","OPAQUE"
"2021-01-25T05:30:00Z","2021-01-25T06:00:00Z","2022-03-07T13:04:23Z","","14cd09k972hl3iokvlh6n437tl@google.com","","2021-01-24T11:26:35Z","","2021-01-25T16:38:28Z","https://youtu.be/YRKZnRale5g?t=15868","0","CONFIRMED","[Chatting] The Best Fans + Wine Party","OPAQUE"
"2021-01-25T06:00:00Z","2021-01-25T08:00:00Z","2022-03-07T13:04:23Z","","1ad7dgcoh5k00koqjas8sl4fv7@google.com","","2021-01-24T11:26:59Z","","2021-01-25T16:39:40Z","https://youtu.be/YRKZnRale5g?t=18218","0","CONFIRMED","[Gaming] Blasphemous (Good End)","OPAQUE"
"2021-01-25T08:00:00Z","2021-01-25T09:00:00Z","2022-03-07T13:04:23Z","","247ie8jb5621knl7aa77u69br7@google.com","","2021-01-24T11:27:13Z","","2021-01-25T16:40:29Z","https://youtu.be/YRKZnRale5g?t=24846","0","CONFIRMED","[Gaming] Mario Kart w/Deadbeats","OPAQUE"
"2021-01-25T09:00:00Z","2021-01-25T10:00:00Z","2022-03-07T13:04:23Z","","340m2l3c8q65qffcvm1un3in90@google.com","","2021-01-24T11:27:30Z","","2021-01-25T16:41:19Z","https://youtu.be/YRKZnRale5g?t=28869","0","CONFIRMED","[Chatting] Just Chatting!","OPAQUE"
"2021-01-25T12:30:00Z","","2022-03-07T13:04:23Z","","68gc00s7fe4ki11so1qaegu8ki@google.com","","2021-01-24T11:28:15Z","","2021-01-25T17:05:04Z","https://youtu.be/YRKZnRale5g?t=41057","0","CONFIRMED","Peace!","OPAQUE"
"2021-01-25T11:30:00Z","2021-01-25T12:30:00Z","2022-03-07T13:04:23Z","","5mqh595cvkvf400nrh9lbuui57@google.com","","2021-01-24T11:28:03Z","","2021-01-25T17:20:36Z","https://youtu.be/YRKZnRale5g?t=38040","3","CONFIRMED","[Superchat] Super-chat Reading","OPAQUE"
"2021-01-25T10:00:00Z","2021-01-25T11:30:00Z","2022-03-07T13:04:23Z","","27tpfhtk0l1thrvhkvut2l032k@google.com","","2021-01-24T11:27:41Z","","2021-01-25T17:20:46Z","https://youtu.be/YRKZnRale5g?t=32806","0","CONFIRMED","[Karaoke] Live Show!","OPAQUE"
"2021-01-29T10:10:00Z","2021-01-29T10:40:00Z","2022-03-07T13:04:23Z","","5ourhhkjue36hhvlci7m3ujv2e@google.com","","2021-01-29T05:37:56Z","","2021-01-29T10:36:19Z","https://www.youtube.com/watch?v=ctxYXWdnVhE","3","CONFIRMED","[Superchat] Superchat Reading","OPAQUE"
"2021-02-01T04:00:00Z","","2022-03-07T13:04:23Z","","125s4a9hosa2c1c7qssvck2veh@google.com","","2021-01-26T18:09:26Z","","2021-02-01T11:36:02Z","https://www.youtube.com/watch?v=_M-6lkoi6L4","1","CONFIRMED","[Premiere] Original Song - Off With Their Heads!","OPAQUE"
"2021-02-08T02:00:00Z","2021-02-08T03:00:00Z","2022-03-07T13:04:23Z","","61ai7l86p3o9qb1mc9v0su107a@google.com","","2021-02-07T12:40:42Z","","2021-02-07T16:01:07Z","https://www.youtube.com/watch?v=Zq2jJKtFJPo","0","CONFIRMED","[Gaming] Papers,Please","OPAQUE"
"2021-02-06T08:00:00Z","2021-02-06T09:00:00Z","2022-03-07T13:04:23Z","","7qv79jck95049ku41lf0m875ba@google.com","","2021-01-31T13:59:03Z","","2021-02-09T14:03:30Z","https://www.youtube.com/watch?v=RMKmVJd7VBY&feature=youtu.be","1","CONFIRMED","[Gaming] Omori","OPAQUE"
"2021-02-01T14:30:00Z","2021-02-01T15:00:00Z","2022-03-07T13:04:23Z","","1i4acdm4hoaqs80j6esrge08q6@google.com","","2021-01-31T13:57:17Z","","2021-02-09T14:14:37Z","https://youtu.be/0okfs8kkm9o","4","CONFIRMED","[Chatting] Song release party!","OPAQUE"
"2021-01-31T14:00:00Z","2021-01-31T15:00:00Z","2022-03-07T13:04:23Z","","2orml7t31id1punss9cdnkhu9h@google.com","","2021-01-26T18:09:01Z","","2021-02-09T14:15:51Z","https://www.youtube.com/watch?v=90bUqxfzwnE","0","CONFIRMED","[Gaming] slither.io + chatting","OPAQUE"
"2021-01-29T01:00:00Z","2021-01-29T02:00:00Z","2022-03-07T13:04:23Z","","09qs63jicmn07hups9eln6ioc0@google.com","","2021-01-26T18:08:39Z","","2021-02-09T14:17:59Z","https://www.youtube.com/watch?v=lJJebJrBueY","0","CONFIRMED","[Gaming] Skyrim","OPAQUE"
"2021-01-28T07:00:00Z","2021-01-28T08:00:00Z","2022-03-07T13:04:23Z","","3eqbhkvg08jgp7i1t9gjn153v2@google.com","","2021-01-26T18:07:49Z","","2021-02-09T14:19:18Z","https://www.youtube.com/watch?v=cPH8digjMx0&feature=youtu.be","4","CONFIRMED","[Superchat] Super Chats","OPAQUE"
"2021-01-28T14:00:00Z","2021-01-28T15:00:00Z","2022-03-07T13:04:23Z","","02vpsj9cbpjhu62h86b875pioj@google.com","","2021-01-26T18:08:19Z","","2021-02-09T14:19:58Z","","0","CONFIRMED","[Members] T3 Creative","OPAQUE"
"2021-02-09T14:00:00Z","2021-02-09T15:00:00Z","2022-03-07T13:04:23Z","","3oep5n6saeu6crg9gkgjaj9oqa@google.com","","2021-02-07T16:01:42Z","","2021-02-09T18:14:59Z","https://www.youtube.com/watch?v=RhCItoGrlKY","0","CONFIRMED","[Gaming] Hollow Knight","OPAQUE"
"2021-02-10T02:00:00Z","2021-02-10T03:00:00Z","2022-03-07T13:04:23Z","","0kadnmj6p7v5bilosl7s70pomr@google.com","","2021-02-07T16:02:03Z","","2021-02-09T18:16:03Z","https://www.youtube.com/watch?v=GKv1yn9k4II","1","CONFIRMED","[Superchat] Superchat Send Off","OPAQUE"
"2021-02-11T00:00:00Z","2021-02-11T01:00:00Z","2022-03-07T13:04:23Z","","75ur24v1gekhd9f147djat77dg@google.com","","2021-02-07T16:02:39Z","","2021-02-10T20:17:05Z","https://www.youtube.com/watch?v=VFtOXwj3Cyo","0","CONFIRMED","[Gaming] Omori","OPAQUE"
"2021-02-12T14:00:00Z","2021-02-12T15:00:00Z","2022-03-07T13:04:23Z","","2vb8nkknrt7ughi7tg4rvcmle8@google.com","","2021-02-07T16:02:59Z","","2021-02-12T07:36:59Z","https://www.youtube.com/watch?v=-YyR5TV3hpE&feature=youtu.be","0","CONFIRMED","[Chatting] Wine Party","OPAQUE"
"2021-02-12T22:00:00Z","2021-02-12T23:00:00Z","2022-03-07T13:04:23Z","","009qqbfsthg4s9jfc09sbo076a@google.com","","2021-02-07T16:03:52Z","","2021-02-13T00:12:28Z","https://www.youtube.com/watch?v=HH44Ld-wirc","0","CONFIRMED","[Gaming] Skyrim","OPAQUE"
"2021-02-15T05:30:00Z","2021-02-15T06:30:00Z","2022-03-07T13:04:23Z","","122585pob7800ak12gp0l2llsb@google.com","","2021-02-07T16:03:29Z","","2021-02-15T06:22:40Z","https://www.youtube.com/watch?v=GrBh2JjDZTg","2","CONFIRMED","[Chatting] Valentine's Date","OPAQUE"
"2021-02-16T14:00:00Z","2021-02-16T15:00:00Z","2022-03-07T13:04:23Z","","4qib7ecmdcv28l2448i9q584qc@google.com","","2021-02-15T06:14:17Z","","2021-02-16T09:41:08Z","https://www.youtube.com/watch?v=AgHsHtAeM7A","3","CONFIRMED","[Gaming] Guilty Gear -Strive-","OPAQUE"
"2021-02-18T03:00:00Z","2021-02-18T04:00:00Z","2022-03-07T13:04:23Z","","6dj36dr5ckrm2b9o60r38b9kc9j68b9pccq36bb4c4s34or164p6aphhc4@google.com","","2021-02-16T10:24:47Z","","2021-02-18T00:33:48Z","https://www.youtube.com/watch?v=r2CEsUU9raE","1","CONFIRMED","[Gaming] Papers, Please","OPAQUE"
"2021-02-20T12:00:00Z","2021-02-20T13:00:00Z","2022-03-07T13:04:23Z","","c5gjie1pcphj8b9nc8o62b9k6hj3ibb270ojebb4cgsm4d9h6gs3gor4ck@google.com","","2021-02-16T10:25:31Z","","2021-02-20T09:43:51Z","https://www.youtube.com/watch?v=uO91b4Mnwqo","0","CONFIRMED","[Gaming] Yume Nikki (Japanese Stream)","OPAQUE"
"2021-02-21T01:00:00Z","2021-02-21T02:00:00Z","2022-03-07T13:04:23Z","","cpi3ac9o75i38bb560sjcb9kcgp6ab9oc5j3cb9h6dhm2e356tgj0phkc8@google.com","","2021-02-16T10:25:50Z","","2021-02-20T16:21:43Z","https://www.youtube.com/watch?v=IahZ0Fli9h4","0","CONFIRMED","[Members] Just Chatting","OPAQUE"
"2021-02-21T14:00:00Z","2021-02-21T15:00:00Z","2022-03-07T13:04:23Z","","ccojep1l75hjcb9o61ijib9kc8s3ib9oc8q3eb9k6sp38cb169h6ccpn64@google.com","","2021-02-16T10:26:26Z","","2021-02-21T00:53:35Z","https://www.youtube.com/watch?v=53P4ZMrexNw","1","CONFIRMED","[Gaming] RPG Sunday: Omori","OPAQUE"
"2021-02-24T14:00:00Z","2021-02-24T15:00:00Z","2022-03-07T13:04:23Z","","1k228q3a2haft6qift3ofohktr@google.com","","2021-02-22T01:39:07Z","","2021-02-22T01:39:07Z","","0","CONFIRMED","[Members] [Chatting] Wine Party","OPAQUE"
"2021-02-26T03:00:00Z","2021-02-26T04:00:00Z","2022-03-07T13:04:23Z","","6ef2pn4tl54p2kgms3u5102ber@google.com","","2021-02-22T01:40:08Z","","2021-02-22T01:40:08Z","","0","CONFIRMED","[Members] Lyric Dive","OPAQUE"
"2021-02-22T13:20:00Z","2021-02-22T14:20:00Z","2022-03-07T13:04:23Z","","6csm6e9l74pm2b9mcpi36b9kchgm4bb1c4sj6b9m64q36dpp74q3ed1h6o@google.com","","2021-02-22T11:54:20Z","","2021-02-24T20:05:41Z","https://www.youtube.com/watch?v=guZ_UI7UrIw","0","CONFIRMED","[Gaming] Guilty Gear -Strive-","OPAQUE"
"2021-02-28T14:00:00Z","2021-02-28T15:00:00Z","2022-03-07T13:04:23Z","","6aktb542epl26qut0dsb484419@google.com","","2021-02-22T01:41:20Z","","2021-02-28T03:04:39Z","https://www.youtube.com/watch?v=UJPO5d13lr4&feature=youtu.be","0","CONFIRMED","[Gaming] Omori — RPG Sunday","OPAQUE"
"2021-03-02T11:00:00Z","2021-03-02T12:00:00Z","2022-03-07T13:04:23Z","","6ta9m07tu4557u2j801tp1c62g@google.com","","2021-03-02T14:24:10Z","","2021-03-02T14:24:10Z","https://www.youtube.com/watch?v=PESpYmXhBiM","0","CONFIRMED","[Gaming] Slither.io","OPAQUE"
"2021-03-03T11:00:00Z","2021-03-03T12:00:00Z","2022-03-07T13:04:23Z","","1a4t08jumgu6eomfd56pff7q08@google.com","","2021-03-01T14:47:09Z","","2021-03-02T14:24:16Z","https://www.youtube.com/watch?v=eDNOS5qFaUw","0","CONFIRMED","[Gaming] Cuphead","OPAQUE"
"2021-03-04T06:00:00Z","2021-03-04T07:00:00Z","2022-03-07T13:04:23Z","","32tq9227gssmjev8m5vj0fr3aq@google.com","","2021-03-01T14:49:32Z","","2021-03-04T04:25:59Z","https://www.youtube.com/watch?v=oUTImspS10I","3","CONFIRMED","[Chatting] Princess Connect Song Production","OPAQUE"
"2021-03-06T06:00:00Z","2021-03-06T07:00:00Z","2022-03-07T13:04:23Z","","3knukcdfc1lmh6prv3rdib43gr@google.com","","2021-03-01T14:48:49Z","","2021-03-06T07:10:07Z","https://www.youtube.com/watch?v=tr74nVKcOz0","0","CONFIRMED","[Gaming] Guilty Gear: Xrd Rev 2","OPAQUE"
"2021-03-07T04:00:00Z","2021-03-07T05:00:00Z","2022-03-07T13:04:23Z","","1fsabmr7i98qj70a6e7n68cf62@google.com","","2021-03-01T14:49:57Z","","2021-03-06T11:56:18Z","https://www.youtube.com/watch?v=FyRvyWgXvss","0","CONFIRMED","[Gaming] Omori - Until I beat it!","OPAQUE"
"2021-03-06T15:00:00Z","2021-03-06T16:00:00Z","2022-03-07T13:04:23Z","","2e903pnspe42gh8sp4rc4pe6t8@google.com","","2021-03-01T14:47:50Z","","2021-03-06T17:14:54Z","https://www.youtube.com/watch?v=8kyxf8Ejpb8","2","CONFIRMED","[Chatting] Just Chatting","OPAQUE"
"2021-03-11T14:00:00Z","2021-03-11T15:00:00Z","2022-03-07T13:04:23Z","","4kat25efq66i3tphqnj5jq4qnd@google.com","","2021-03-08T23:28:37Z","","2021-03-11T07:53:25Z","https://www.youtube.com/watch?v=Be-WVy8P4M0","0","CONFIRMED","[Gaming] Cuphead","OPAQUE"
"2021-03-11T06:00:00Z","2021-03-11T07:00:00Z","2022-03-07T13:04:23Z","","39krjbfe3een1ngijt7pd8epkh@google.com","","2021-03-11T04:39:45Z","","2021-03-11T07:53:43Z","https://www.youtube.com/watch?v=VNU2BDdgPZ8","0","CONFIRMED","[Premiere] Ibasho ","OPAQUE"
"2021-03-12T02:15:00Z","2021-03-12T03:00:00Z","2022-03-07T13:04:23Z","","6bmf6uo24hso5k64mjh15mdjqd@google.com","","2021-03-08T23:28:46Z","","2021-03-12T01:41:51Z","https://www.youtube.com/watch?v=bONnWWRVg6w","1","CONFIRMED","[Art] Drawing","OPAQUE"
"2021-03-16T14:45:00Z","2021-03-16T15:00:00Z","2022-03-07T13:04:23Z","","5q44cm7dlupolu6gv6b5id81fj@google.com","","2021-03-08T23:29:15Z","","2021-03-15T08:48:51Z","","1","CONFIRMED","[Chatting] Just Chatting","OPAQUE"
"2021-03-18T14:55:00Z","2021-03-18T15:00:00Z","2022-03-07T13:04:23Z","","4jiufk47ce504u362r0cde46k0@google.com","","2021-03-17T03:23:51Z","","2021-03-17T03:23:51Z","https://www.youtube.com/watch?v=4gjnuMHqUpA","0","CONFIRMED","[Gaming] Ao Oni","OPAQUE"
"2021-03-20T00:00:00Z","2021-03-20T01:00:00Z","2022-03-07T13:04:23Z","","4kc2qef1qc128pklb1gj7tsn66@google.com","","2021-03-19T07:06:40Z","","2021-03-19T07:07:40Z","https://www.youtube.com/watch?v=rg9DSzxo7UU","4","CONFIRMED","[Gaming] Minecraft","OPAQUE"
"2021-03-21T04:30:00Z","2021-03-21T05:00:00Z","2022-03-07T13:04:23Z","","6gr32p33copjebb26krm6b9k65ijebb1cgq3eb9mc4sj2d9i6koj6or36s@google.com","","2021-03-20T16:39:30Z","","2021-03-20T16:39:55Z","https://youtu.be/j8UMLwN3vxg","0","CONFIRMED","[Gaming] Omori","OPAQUE"
"2021-03-26T00:00:00Z","2021-03-26T01:00:00Z","2022-03-07T13:04:23Z","","5j6idp1ijr80bcelbqu35nlsga@google.com","","2021-03-23T12:55:04Z","","2021-03-23T12:55:04Z","","0","CONFIRMED","[Member] [Chatting] T2 - Wine party!","OPAQUE"
"2021-03-24T14:00:00Z","2021-03-24T15:00:00Z","2022-03-07T13:04:23Z","","6crvc0dt0ee2lc8rss0romkqer@google.com","","2021-03-23T12:54:25Z","","2021-03-24T03:55:34Z","https://www.youtube.com/watch?v=n1L2JepXBkM","0","CONFIRMED","[Chatting] Just Chatting + Secret drinking game!","OPAQUE"
"2021-03-25T01:00:00Z","2021-03-25T02:00:00Z","2022-03-07T13:04:23Z","","2mvrqco11k8526hqtjs3jm56qf@google.com","","2021-03-23T12:54:36Z","","2021-03-24T20:16:01Z","https://www.youtube.com/watch?v=f65EfrRckAg","0","CONFIRMED","[Art] Drawing!","OPAQUE"
"2021-03-26T02:00:00Z","2021-03-26T03:00:00Z","2022-03-07T13:04:23Z","","40voqcp8v9926usojvmv9j52vu@google.com","","2021-03-23T12:55:23Z","","2021-03-25T16:40:11Z","https://www.youtube.com/watch?v=Emx3QO5jo8I","0","CONFIRMED","[Gaming] Story of Seasons - Pioneers of Olive Town","OPAQUE"
"2021-03-28T02:30:00Z","2021-03-28T03:00:00Z","2022-03-07T13:04:23Z","","4bopqc39oajgisf6g0395ddtgu@google.com","","2021-03-27T12:58:42Z","","2021-03-27T12:58:55Z","https://www.youtube.com/watch?v=Jv87UZRPgK4","1","CONFIRMED","[EP Trailer] Your Mori trailer","OPAQUE"
"2021-03-28T00:00:00Z","2021-03-28T01:00:00Z","2022-03-07T13:04:23Z","","5h8ciilq4ldvg5ojnimi14mrf6@google.com","","2021-03-23T12:55:57Z","","2021-03-27T22:47:42Z","https://www.youtube.com/watch?v=-OcnD2Nc9qo","0","CONFIRMED","[Learning] Duolingo: German?!","OPAQUE"
"2021-03-29T14:30:00Z","2021-03-29T15:00:00Z","2022-03-07T13:04:23Z","","0esk4eo0q2f1agau53i1momb0n@google.com","","2021-03-23T12:57:36Z","","2021-03-29T11:41:41Z","https://www.youtube.com/watch?v=bP4DKX7OKNc","0","CONFIRMED","[Gaming] Misao - RPG Maker Sunday","OPAQUE"
"2021-03-31T00:00:00Z","2021-03-31T01:00:00Z","2022-03-07T13:04:23Z","","575kqdv4cuttebb3l6atuti8f6@google.com","","2021-03-29T18:03:13Z","","2021-03-29T18:03:13Z","","0","CONFIRMED","[Member] T3 - Drawing and...","OPAQUE"
"2021-04-01T16:30:00Z","2021-04-01T17:00:00Z","2022-03-07T13:04:23Z","","75atvijcpol2l3r6r0k10729lk@google.com","","2021-03-29T18:03:41Z","","2021-04-01T15:33:54Z","https://www.youtube.com/watch?v=YdxVXxyO7Mw","1","CONFIRMED","[Chatting] Serious Just Chatting","OPAQUE"
"2021-04-04T14:00:00Z","2021-04-04T15:00:00Z","2022-03-07T13:04:23Z","","6m99q9olef3v4k3jmal163s4tu@google.com","","2021-03-29T18:04:48Z","","2021-04-03T16:58:54Z","https://www.youtube.com/watch?v=NiziRRHFZGA","0","CONFIRMED","[Event] Calliope Mori's Birthday Stream","OPAQUE"
"2021-04-04T13:30:00Z","2021-04-04T13:45:00Z","2022-03-07T13:04:23Z","","09d1dli81cb4vj2catvn1esmcl@google.com","","2021-03-29T18:04:31Z","","2021-04-04T07:47:34Z","https://www.youtube.com/watch?v=-AuQZrUHjhg","0","CONFIRMED","[Song release] Red MV Release","OPAQUE"
"2021-04-06T00:00:00Z","2021-04-06T01:00:00Z","2022-03-07T13:04:23Z","","3fase87c2b45qicqi7d73qtqlt@google.com","","2021-04-05T13:53:49Z","","2021-04-05T13:53:49Z","https://www.youtube.com/watch?v=TBDIL4hrb_Y","0","CONFIRMED","[Gaming] Spiritfarer","OPAQUE"
"2021-04-07T09:30:00Z","2021-04-07T10:00:00Z","2022-03-07T13:04:23Z","","0ehfc3j39lkjfk0bcorq2a0lmh@google.com","","2021-03-29T18:05:14Z","","2021-04-07T08:54:59Z","https://www.youtube.com/watch?v=gz2aCzQZ0Ck","5","CONFIRMED","[Superchat] Superchat Marathon","OPAQUE"
"2021-04-08T02:00:00Z","2021-04-08T03:00:00Z","2022-03-07T13:04:23Z","","1ubadrkl9lo1567cmi44oubnie@google.com","","2021-04-05T17:02:38Z","","2021-04-07T16:50:24Z","https://www.youtube.com/watch?v=c8q44v9IzGY","0","CONFIRMED","[Lyric Dive] Your Mori EP","OPAQUE"
"2021-04-08T10:30:00Z","2021-04-08T11:00:00Z","2022-03-07T13:04:23Z","","30tfr90ngto1qjuue5f4cmq6od@google.com","","2021-04-08T07:18:15Z","","2021-04-08T07:18:15Z","","0","CONFIRMED","[Gaming] [Superchat] - Spiritfarer and Superchats","OPAQUE"
"2021-04-09T14:00:00Z","2021-04-09T15:00:00Z","2022-03-07T13:04:23Z","","60k908o1o8ulvu9jvsn68j0mdg@google.com","","2021-04-05T17:05:12Z","","2021-04-09T04:10:20Z","https://www.youtube.com/watch?v=bn_DydG7B0k","0","CONFIRMED","[ASMR] Chatting and ASMR","OPAQUE"
"2021-04-10T01:00:00Z","2021-04-10T02:00:00Z","2022-03-07T13:04:23Z","","6gmutgv7ra3kt2ukfbo62a9qtj@google.com","","2021-04-05T17:06:06Z","","2021-04-09T20:26:49Z","https://www.youtube.com/watch?v=lvHQlaJM524","0","CONFIRMED","[Watchalong] Billy Madison & Happy Gilmore - Sandliope goes to Hell","OPAQUE"
"2021-04-16T02:00:00Z","2021-04-16T03:00:00Z","2022-03-07T13:04:23Z","","1mvlr2nrop00l3867r6jf7hult@google.com","","2021-04-12T22:02:26Z","","2021-04-12T22:02:26Z","","0","CONFIRMED","[Member] [Chatting] T1 - Just Chatting!","OPAQUE"
"2021-04-14T04:00:00Z","2021-04-14T05:00:00Z","2022-03-07T13:04:23Z","","6goaljn3kj6rifp7lk87bkbkk5@google.com","","2021-04-05T17:06:31Z","","2021-04-13T12:21:46Z","https://www.youtube.com/watch?v=ZVkjfqLqU2k","4","CONFIRMED","[Read-along] My Dad is the Queen of all VTubers v2","OPAQUE"
"2021-04-16T13:00:00Z","2021-04-16T14:00:00Z","2022-03-07T13:04:23Z","","1d5s6d3151llrd8t4rh24npohb@google.com","","2021-04-12T22:02:42Z","","2021-04-16T07:02:07Z","https://www.youtube.com/watch?v=4vrUEefEKQc","0","CONFIRMED","[Gaming] Shadowverse","OPAQUE"
"2021-04-17T14:00:00Z","2021-04-17T15:00:00Z","2022-03-07T13:04:23Z","","048767s2dqoasdm3jsmnpv1lek@google.com","","2021-04-04T14:40:15Z","","2021-04-16T11:57:35Z","https://www.youtube.com/watch?v=fgR7u-g3QO4","0","CONFIRMED","[Karaoke] Live Show! Your Mori Release Concert","OPAQUE"
"2021-04-18T02:00:00Z","2021-04-18T03:00:00Z","2022-03-07T13:04:23Z","","1hp7e2eis8gk2k3o4td1kdcmp4@google.com","","2021-04-12T22:03:23Z","","2021-04-17T16:48:09Z","https://www.youtube.com/watch?v=twmzSmIC-5c","0","CONFIRMED","[Gaming] Journey","OPAQUE"
"2021-04-18T04:45:00Z","2021-04-18T05:00:00Z","2022-03-07T13:04:23Z","","ckq3gdb4cdi3gb9k70s68b9kcks64b9o64q32b9lckqj6c1l60r64p9m74@google.com","","2021-04-18T04:37:45Z","","2021-04-18T09:20:01Z","https://youtu.be/uenuR-YCUCU","1","CONFIRMED","[Chatting] SC read","OPAQUE"
"2021-04-20T04:00:00Z","2021-04-20T05:00:00Z","2022-03-07T13:04:23Z","","3qc6u2e3k5qi5sbfnn8hkkjif1@google.com","","2021-04-19T19:01:39Z","","2021-04-20T01:11:55Z","https://www.youtube.com/watch?v=DxKVbRCkawc","0","CONFIRMED","[Gaming] Misao and ???","OPAQUE"
"2021-04-22T02:00:00Z","2021-04-22T03:00:00Z","2022-03-07T13:04:23Z","","655l6ph41opmr8ss8frj2ccqa5@google.com","","2021-04-19T19:01:57Z","","2021-04-21T19:05:09Z","https://youtu.be/KxhQDBO_4iw","0","CONFIRMED","[Art] Drawing my senpai!","OPAQUE"
"2021-04-23T14:00:00Z","2021-04-23T14:30:00Z","2022-03-07T13:04:23Z","","7bf0jngimklsqsoc3ndbm08lcr@google.com","","2021-04-19T19:02:26Z","","2021-04-23T23:08:05Z","","0","CONFIRMED","[Member] [Gaming] Wine party + Fall Guys","OPAQUE"
"2021-04-24T13:00:00Z","2021-04-24T13:30:00Z","2022-03-07T13:04:23Z","","50d64dircnif7rmfu4il04a1ri@google.com","","2021-04-19T19:03:13Z","","2021-04-24T07:28:36Z","https://www.youtube.com/watch?v=oIDg7AHmpfg","0","CONFIRMED","[Chatting] Just Chatting: Wine party with Dead Beats","OPAQUE"
"2021-04-27T03:00:00Z","2021-04-27T04:00:00Z","2022-03-07T13:04:23Z","","6gqjaopm6hh3ebb464s38b9kccq66b9o68q6ab9m6lijeohl6lhm2db6c4@google.com","","2021-04-25T04:30:09Z","","2021-04-26T14:58:03Z","https://www.youtube.com/watch?v=ELCTnx6sJUw","0","CONFIRMED","[Gaming] Minecraft","OPAQUE"
"2021-04-29T00:00:00Z","2021-04-29T01:00:00Z","2022-03-07T13:04:23Z","","c8p3ee33copm8b9j70pm4b9kc9j3ab9ocdgj6b9ncgpj4e35cgom2ohj60@google.com","","2021-04-25T04:31:18Z","","2021-04-26T14:59:36Z","","0","CONFIRMED","[Members] T3 - NPC Drawing","OPAQUE"
"2021-05-01T14:00:00Z","2021-05-01T15:00:00Z","2022-03-07T13:04:23Z","","64qjcd9o65im6b9m6go3eb9k60q30bb2copj2b9pckqmcc1p68o64o9g68@google.com","","2021-04-25T04:32:00Z","","2021-05-01T14:28:09Z","https://www.youtube.com/watch?v=Qj5XO2TEa2U","0","CONFIRMED","[Chatting] [Art} ASMR Drawing","OPAQUE"
"2021-05-02T04:00:00Z","2021-05-02T05:00:00Z","2022-03-07T13:04:23Z","","6phj2phg64p6cb9ic8s3ib9k71gjebb2c5ijab9m6cp3ip9gcdh36c1nco@google.com","","2021-04-25T04:32:48Z","","2021-05-02T02:33:20Z","https://www.youtube.com/watch?v=vnJEQPJbOj4","1","CONFIRMED","[Gaming] Spiritfarer (endurance?)","OPAQUE"
"2021-05-03T14:00:00Z","2021-05-03T14:30:00Z","2022-03-07T13:04:23Z","","2v449bbphg73bbtpkpm7grvhdf@google.com","","2021-04-30T03:27:57Z","","2021-05-03T17:51:15Z","https://www.youtube.com/watch?v=i9H07Z-ZOOM","2","CONFIRMED","[New Outfit Reveal] Mori Calliope","OPAQUE"
"2021-05-05T12:00:00Z","2021-05-05T13:00:00Z","2022-03-07T13:04:23Z","","03c2d4rhud3bf6gqpknrugk516@google.com","","2021-05-02T16:03:21Z","","2021-05-04T11:35:18Z","https://youtu.be/9YyXrDVRg98","1","CONFIRMED","[Gaming] Shadowverse","OPAQUE"
"2021-05-05T03:00:00Z","2021-05-05T04:00:00Z","2022-03-07T13:04:23Z","","38rh2ldbplakslh1r0kbvkr93n@google.com","","2021-05-02T16:03:11Z","","2021-05-04T14:49:47Z","https://www.youtube.com/watch?v=hF1rSNG7sqg","1","CONFIRMED","[Event] Poko Station Event!","OPAQUE"
"2021-05-07T14:00:00Z","2021-05-07T15:00:00Z","2022-03-07T13:04:23Z","","6qtqhrp76ugrtol1c1j7lqk0rh@google.com","","2021-05-02T16:04:29Z","","2021-05-06T13:04:25Z","https://www.youtube.com/watch?v=usYJlwzgwL0","1","CONFIRMED","[Gaming] Guilty Gear Xrd Rev2","OPAQUE"
"2021-05-08T14:00:00Z","2021-05-08T15:00:00Z","2022-03-07T13:04:23Z","","4aa2ntfef515v0ag8ris390sdf@google.com","","2021-05-02T16:04:39Z","","2021-05-08T10:59:56Z","https://www.youtube.com/watch?v=0hkxTIWHDkE","0","CONFIRMED","[Gaming] Pokemon Snap","OPAQUE"
"2021-05-10T12:00:00Z","2021-05-10T12:15:00Z","2022-03-07T13:04:23Z","","46kpcgfa4pb93aah2k979br222@google.com","","2021-05-08T12:49:25Z","","2021-05-08T12:49:25Z","","0","CONFIRMED","[Song Release] Spiral Tones - Rikka x Mori Calliope","OPAQUE"
"2021-05-12T14:00:00Z","2021-05-12T15:00:00Z","2022-03-07T13:04:23Z","","576o5aogelf6g69u6umq2nkbq6@google.com","","2021-05-09T20:06:57Z","","2021-05-09T20:06:57Z","","0","CONFIRMED","[Member][Art] T3 - NPC drawing","OPAQUE"
"2021-05-14T13:00:00Z","2021-05-14T14:00:00Z","2022-03-07T13:04:23Z","","6r6g9n4j5na2jmqd68biret81i@google.com","","2021-05-09T20:07:23Z","","2021-05-13T14:43:29Z","https://www.youtube.com/watch?v=_F2ITnPX7lg","0","CONFIRMED","[Gaming] Minecraft Camping Trip","OPAQUE"
"2021-05-16T05:30:00Z","2021-05-16T06:00:00Z","2022-03-07T13:04:23Z","","51dvj65ajkcchitcippvbiada2@google.com","","2021-05-09T20:07:42Z","","2021-05-16T04:24:18Z","https://www.youtube.com/watch?v=Xr4LJEPMCZc","0","CONFIRMED","[Gaming] Groove Coaster","OPAQUE"
"2021-05-17T13:30:00Z","2021-05-17T14:00:00Z","2022-03-07T13:04:23Z","","2fcf7hff58tc69i0ieb8sub9vj@google.com","","2021-05-16T15:52:53Z","","2021-05-17T13:31:34Z","https://www.youtube.com/watch?v=Fci6PnbyaxI","3","CONFIRMED","[Gaming] Resident Evil 8 Village","OPAQUE"
"2021-05-18T02:00:00Z","2021-05-18T03:00:00Z","2022-03-07T13:04:23Z","","6f1kf2ns359628q2cakem5hmhm@google.com","","2021-05-16T15:56:49Z","","2021-05-17T18:53:11Z","https://www.youtube.com/watch?v=fR2_Z6A0qnQ","0","CONFIRMED","[Gaming] Friday Night Funkin'","OPAQUE"
"2021-05-20T14:00:00Z","2021-05-20T15:00:00Z","2022-03-07T13:04:23Z","","7u0r9ua6bge2qb9e86carbt1e6@google.com","","2021-05-16T15:57:12Z","","2021-05-19T14:44:14Z","https://www.youtube.com/watch?v=WR9XEG_JHdE","1","CONFIRMED","[Chatting] Nihonshu Tasting! (JP Only)","OPAQUE"
"2021-05-21T13:00:00Z","2021-05-21T14:00:00Z","2022-03-07T13:04:23Z","","4al8vl31o15edbh3j106eqek69@google.com","","2021-05-16T15:57:33Z","","2021-05-21T18:44:28Z","https://www.youtube.com/watch?v=lv6aSlzEcSI","0","CONFIRMED","[Superchat] Superchat drinking game!","OPAQUE"
"2021-05-23T03:00:00Z","2021-05-23T04:00:00Z","2022-03-07T13:04:23Z","","2j8psjrifnlohintjm8ab031d7@google.com","","2021-05-21T04:32:29Z","","2021-05-22T20:38:55Z","https://www.youtube.com/watch?v=YTTnA4MQkg0","0","CONFIRMED","[Meme Review] Coco x Calli - Shitpost review (Off Channel)","OPAQUE"
"2021-05-23T04:20:00Z","2021-05-23T05:00:00Z","2022-03-07T13:04:23Z","","2es6m8njmutdd81jm076dr6jaj@google.com","","2021-05-16T15:58:03Z","","2021-05-22T20:46:29Z","","3","CONFIRMED","[Member] [Chatting] Just chatting! (T1,2,3)","OPAQUE"
"2021-05-23T14:00:00Z","2021-05-23T15:00:00Z","2022-03-07T13:04:23Z","","7r0t5tlrh90i2ponb853rlnalh@google.com","","2021-05-21T14:52:47Z","","2021-05-23T04:53:57Z","https://www.youtube.com/watch?v=I3qogH99qZ4","0","CONFIRMED","[Gaming] Everhood","OPAQUE"
"2021-05-25T12:00:00Z","2021-05-25T13:00:00Z","2022-03-07T13:04:23Z","","5j92ac9f5c4a5ca6foe60c2ac6@google.com","","2021-05-23T16:25:10Z","","2021-05-24T15:16:59Z","","0","CONFIRMED","[Member][Chatting] Wine Party (T2, 3)","OPAQUE"
"2021-05-31T14:00:00Z","2021-05-31T15:00:00Z","2022-03-07T13:04:23Z","","6iv5o55b0ifve41iu33k5en6tj@google.com","","2021-05-30T08:22:49Z","","2021-05-31T18:33:32Z","https://www.youtube.com/watch?v=8nI1CDsNZI0","1","CONFIRMED","[Song Cover Release] ロキ / Roki EN Cover","OPAQUE"
"2021-06-04T03:00:00Z","2021-06-04T04:00:00Z","2022-03-07T13:04:23Z","","2f05laaoih8tfkb2hojv071q99@google.com","","2021-06-03T01:03:52Z","","2021-06-03T11:45:44Z","https://www.youtube.com/watch?v=Tt41uNOmbz4","0","CONFIRMED","[Gaming] Friday Night Funkin'","OPAQUE"
"2021-06-07T04:00:00Z","2021-06-07T05:00:00Z","2022-03-07T13:04:23Z","","16a92e01sp8uivev7rkcm4k29t@google.com","","2021-06-03T01:05:23Z","","2021-06-06T16:45:52Z","https://www.youtube.com/watch?v=xTXgCF-Ezyk","0","CONFIRMED","[Art] ASMR Drawing","OPAQUE"
"2021-06-03T14:00:00Z","2021-06-03T15:00:00Z","2022-03-07T13:04:23Z","","6qnb6p2japtskh0f46utmni7cd@google.com","","2021-06-02T07:13:16Z","","2021-06-06T16:46:30Z","https://www.youtube.com/watch?v=F_nv-hpwaD8","0","CONFIRMED","[Chatting][Karaoke] I'm Back - Chatting and Chill Singing","OPAQUE"
"2021-06-06T13:00:00Z","2021-06-06T14:00:00Z","2022-03-07T13:04:23Z","","4dnakold8uig2vd1c51mv33j4t@google.com","","2021-06-03T01:04:58Z","","2021-06-06T18:49:40Z","https://www.youtube.com/watch?v=5Bvyh1viEIU","0","CONFIRMED","[Gaming] Shadowverse w/ Gigguk","OPAQUE"
"2021-06-12T04:00:00Z","2021-06-12T05:00:00Z","2022-03-07T13:04:23Z","","67pln836u372q9p4t54nv8ln7o@google.com","","2021-06-09T14:01:35Z","","2021-06-09T14:01:35Z","","0","CONFIRMED","[Member][Art] Creative - T3","OPAQUE"
"2021-06-11T14:00:00Z","2021-06-11T15:00:00Z","2022-03-07T13:04:23Z","","4av9b7m37q3jecljad857h575q@google.com","","2021-06-09T14:01:15Z","","2021-06-11T09:33:58Z","https://www.youtube.com/watch?v=HbXEeeS-LUo","0","CONFIRMED","[Gaming] Scarlet Nexus","OPAQUE"
"2021-06-13T05:00:00Z","2021-06-13T06:00:00Z","2022-03-07T13:04:23Z","","2ki8g0e6scmbcb3039loobj5nh@google.com","","2021-06-09T14:03:02Z","","2021-06-12T22:48:18Z","https://www.youtube.com/watch?v=Q0THd99sQ8I","0","CONFIRMED","[Superchat] Superchat drinking game","OPAQUE"
"2021-06-13T02:00:00Z","2021-06-13T03:00:00Z","2022-03-07T13:04:23Z","","52arcgrq25k3o0jkb4vuu0u7tc@google.com","","2021-06-09T14:02:32Z","","2021-06-12T22:48:49Z","https://www.youtube.com/watch?v=TZ7jo7ceoC8","0","CONFIRMED","[Gaming] Shadowverse","OPAQUE"
"2021-06-15T09:00:00Z","2021-06-15T09:15:00Z","2022-03-07T13:04:23Z","","0d727jd179k24tehdfvqq1dlmu@google.com","","2021-06-13T08:00:07Z","","2021-06-13T09:14:36Z","https://www.youtube.com/watch?v=EjlMPu5sEgw","0","CONFIRMED","[Cover Song Release] Calli x Suisei - Getcha (cover)","OPAQUE"
"2021-06-14T14:00:00Z","2021-06-14T15:00:00Z","2022-03-07T13:04:23Z","","6m4mb8s41icb63nafkdtnv180f@google.com","","2021-06-09T14:03:41Z","","2021-06-13T18:27:39Z","https://www.youtube.com/watch?v=UAH_wGEUtAw","0","CONFIRMED","[Gaming] Calli x Watame x Fubuki x Coco - Super Mario Party","OPAQUE"
"2021-06-16T14:00:00Z","2021-06-16T15:00:00Z","2022-03-07T13:04:23Z","","2h6hqtbcd0sc928l04n3pfeu5n@google.com","","2021-06-14T20:15:09Z","","2021-06-14T20:15:09Z","","0","CONFIRMED","[Member][Chatting] Just Chatting! T1, 2, 3","OPAQUE"
"2021-06-17T04:00:00Z","2021-06-17T05:00:00Z","2022-03-07T13:04:23Z","","32uk6voh11fau6o2qtgrag50a6@google.com","","2021-06-14T20:15:30Z","","2021-06-14T20:15:30Z","","0","CONFIRMED","[Gaming] Rising Hell","OPAQUE"
"2021-06-19T16:00:00Z","2021-06-19T17:00:00Z","2022-03-07T13:04:23Z","","412lb192shggjsdfd8ujjskoe1@google.com","","2021-06-14T20:16:21Z","","2021-06-18T16:43:52Z","https://www.twitch.tv/ironmouse","0","CONFIRMED","[Chatting] Calli x Ironmouse","OPAQUE"
"2021-06-19T18:20:00Z","2021-06-19T19:00:00Z","2022-03-07T13:04:23Z","","19l3go2168c8nmc0pv9anrs098@google.com","","2021-06-19T03:31:10Z","","2021-06-19T13:13:19Z","https://www.youtube.com/watch?v=AuM0Kra7irw","5","CONFIRMED","[Chatting] Let's Chat","OPAQUE"
"2021-06-28T14:00:00Z","2021-06-28T15:00:00Z","2022-03-07T13:04:23Z","","6umvqs79omu9laq11qoj3olpq3@google.com","","2021-06-20T19:26:33Z","","2021-06-20T19:26:33Z","","0","CONFIRMED","[Member][Chatting] T2, T3 - Wine Party","OPAQUE"
"2021-06-22T04:00:00Z","2021-06-22T05:00:00Z","2022-03-07T13:04:23Z","","09f3hi1e64i7n1cicrcn4gqcq4@google.com","","2021-06-20T19:22:45Z","","2021-06-22T04:13:31Z","https://www.youtube.com/watch?v=vHYsyIioYgA","0","CONFIRMED","[Gaming] Shadowverse with my coach iyashiK! ","OPAQUE"
"2021-06-24T14:00:00Z","2021-06-24T15:00:00Z","2022-03-07T13:04:23Z","","0jdkrt65qi47b7l52aoo8u0ot0@google.com","","2021-06-03T14:16:15Z","","2021-06-23T10:29:45Z","https://www.youtube.com/watch?v=h_FcfU32GWI","0","CONFIRMED","[Karaoke][Unarchived] Unarchived Karaoke","OPAQUE"
"2021-06-24T17:00:00Z","2021-06-24T18:00:00Z","2022-03-07T13:04:23Z","","5anv3ui5182584b8vql1kn59nf@google.com","","2021-06-20T19:23:50Z","","2021-06-24T16:29:11Z","https://www.youtube.com/watch?v=3SOq4r7VWHM","2","CONFIRMED","[Chatting] After Party!","OPAQUE"
"2021-06-25T14:00:00Z","2021-06-25T15:00:00Z","2022-03-07T13:04:23Z","","1v8nc0pf0tmriq3ka9asath0d5@google.com","","2021-06-20T19:24:04Z","","2021-06-25T08:30:26Z","https://www.youtube.com/watch?v=aBMlZz-udo8","0","CONFIRMED","[Gaming] Scarlet Nexus","OPAQUE"
"2021-06-27T06:00:00Z","2021-06-27T07:00:00Z","2022-03-07T13:04:23Z","","5h08ruu77v2p0i2tav51uerdpm@google.com","","2021-06-26T08:12:28Z","","2021-06-26T08:13:11Z","https://www.youtube.com/watch?v=_PyDLW_9FOU","0","CONFIRMED","[Gaming] Shadowverse Surprise","OPAQUE"
"2021-06-27T08:30:00Z","2021-06-27T09:00:00Z","2022-03-07T13:04:23Z","","4fgn205hgnsmjoupne5c4sim97@google.com","","2021-06-26T08:12:52Z","","2021-06-26T11:57:28Z","https://www.youtube.com/watch?v=VlkZZoHQOOY","0","CONFIRMED","[Gaming][Superchat] Superchats + Minecraft","OPAQUE"
"2021-06-30T13:00:00Z","2021-06-30T14:00:00Z","2022-03-07T13:04:23Z","","5r0d2aqa2cjljsueugvenf2508@google.com","","2021-06-29T16:03:41Z","","2021-06-30T08:52:06Z","https://www.youtube.com/watch?v=ptMYQWVJmsk","1","CONFIRMED","[Art] Drawing my Senpai","OPAQUE"
"2021-07-03T04:00:00Z","2021-07-03T05:00:00Z","2022-03-07T13:04:23Z","","5kp42c95igik0m8kp0h47a20ef@google.com","","2021-06-29T16:04:37Z","","2021-07-02T17:45:26Z","https://youtu.be/pBEC72lfNU8","0","CONFIRMED","[Gaming] Game: Night Delivery","OPAQUE"
"2021-07-06T12:00:00Z","2021-07-06T13:00:00Z","2022-03-07T13:04:23Z","","5e4np1cqk81o810bfvchevb9he@google.com","","2021-06-29T16:04:59Z","","2021-07-06T08:30:24Z","https://www.youtube.com/watch?v=z5JsMXZDq2o","1","CONFIRMED","[Chatting] Let's chat! Zatsudan","OPAQUE"
"2021-07-07T14:30:00Z","2021-07-07T15:00:00Z","2022-03-07T13:04:23Z","","4ofidtm49hhbr7nih3bvdnhpo1@google.com","","2021-07-06T21:58:26Z","","2021-07-07T14:25:48Z","https://youtu.be/g9KTW9kWGFo","1","CONFIRMED","[Gaming] Phantasy Star Online 2: New Genesis","OPAQUE"
"2021-07-08T03:30:00Z","2021-07-08T04:00:00Z","2022-03-07T13:04:23Z","","28phe7p85nm3npau4mobi3upgt@google.com","","2021-07-06T21:58:49Z","","2021-07-08T04:17:09Z","https://www.youtube.com/watch?v=1pkhXQkYXBE","0","CONFIRMED","[ASMR][Chatting] ASMR","OPAQUE"
"2021-07-10T13:00:00Z","2021-07-10T14:00:00Z","2022-03-07T13:04:23Z","","3e4f4nl2o0gk2q7sel7n973f06@google.com","","2021-07-06T21:59:08Z","","2021-07-10T08:27:03Z","https://youtu.be/B8QfS_BP5K8","0","CONFIRMED","[Gaming] Guilty Gear:Strive","OPAQUE"
"2021-07-11T23:00:00Z","2021-07-12T00:00:00Z","2022-03-07T13:04:23Z","","3rbmgnhkkhunb310pt7dq3vnjc@google.com","","2021-07-06T22:00:48Z","","2021-07-11T18:07:30Z","https://www.youtube.com/watch?v=IpTmG0mNAlw","0","CONFIRMED","[Chatting] Staring contest","OPAQUE"
"2021-07-17T13:00:00Z","2021-07-17T14:00:00Z","2022-03-07T13:04:23Z","","6veitpatk01irfc64318akden9@google.com","","2021-07-12T20:04:06Z","","2021-07-12T20:04:06Z","","0","CONFIRMED","[Chatting] Cursed ASMR","OPAQUE"
"2021-07-15T13:00:00Z","2021-07-15T14:00:00Z","2022-03-07T13:04:23Z","","0jpvjjd9vogf76dt85tm8lcke1@google.com","","2021-07-12T20:03:31Z","","2021-07-15T11:03:37Z","","2","CONFIRMED","[Member][Chatting] T1, 2, 3 - Just Chatting! ","OPAQUE"
"2021-07-16T03:00:00Z","2021-07-16T04:00:00Z","2022-03-07T13:04:23Z","","6m1tuml28u8uskbonhu3hptd45@google.com","","2021-07-12T20:03:52Z","","2021-07-15T16:01:28Z","https://www.youtube.com/watch?v=5KBIVo93LyM","0","CONFIRMED","[Gaming] Henry Stickmin Collection!","OPAQUE"
"2021-07-16T16:00:00Z","2021-07-16T16:45:00Z","2022-03-07T13:04:23Z","","6lgmcd1m64ojib9k6ks3eb9k6pijgbb2chi3ibb3c5h34c9h6or68c31ck@google.com","","2021-07-07T03:13:49Z","","2021-07-15T16:08:33Z","https://youtu.be/vtTUCSvuLdg","0","CONFIRMED","YT Music Show","OPAQUE"
"2021-07-16T14:00:00Z","2021-07-16T15:00:00Z","2022-03-07T13:04:23Z","","6vbl9lbl6o75r7c4co60ev5l3a@google.com","","2021-07-14T08:43:25Z","","2021-07-16T09:26:47Z","https://www.youtube.com/watch?v=hxvoFyeC-Do","0","CONFIRMED","[TTRPG] Re-Cap Stream","OPAQUE"
"2021-07-17T14:50:00Z","2021-07-17T15:00:00Z","2022-03-07T13:04:23Z","","520a1sbq7t4nnrffbnhhh61qh7@google.com","","2021-07-17T14:18:49Z","","2021-07-17T14:19:10Z","https://www.youtube.com/watch?v=fDA6fSkcph8","1","CONFIRMED","[Superchat] Supers and Chatting","OPAQUE"
"2021-07-19T03:30:00Z","2021-07-19T04:00:00Z","2022-03-07T13:04:23Z","","4f47n5rlid0ao2mo6o1384lqgn@google.com","","2021-07-12T20:04:22Z","","2021-07-18T10:12:00Z","https://youtu.be/RXFm7HNg6Eo","2","CONFIRMED","[Karaoke] Karaoke Party (Archived)","OPAQUE"
"2021-07-20T14:00:00Z","2021-07-20T15:00:00Z","2022-03-07T13:04:23Z","","2ffdtfb7bf7pkhpd3vn6fol1ct@google.com","","2021-07-19T16:02:23Z","","2021-07-20T10:43:18Z","https://www.youtube.com/watch?v=f2Qv42N1LC0","0","CONFIRMED","[Gaming] Bloodstained: Ritual of the Night","OPAQUE"
"2021-07-24T14:00:00Z","2021-07-24T15:00:00Z","2022-03-07T13:04:23Z","","5t5f8r6hp8qju5hm4tq5d7rrjm@google.com","","2021-07-19T16:02:45Z","","2021-07-24T14:53:59Z","https://www.youtube.com/watch?v=LeBdrt4HLAs","0","CONFIRMED","[Art] Drawing my senpai","OPAQUE"
"2021-07-26T01:00:00Z","2021-07-26T01:15:00Z","2022-03-07T13:04:23Z","","1q5p0f5373svebmr56ag766u6b@google.com","","2021-07-19T16:03:05Z","","2021-07-26T02:57:17Z","https://www.youtube.com/watch?v=gE8GlwYDg1g","0","CONFIRMED","[Chatting] Comfy morning chat!","OPAQUE"
"2021-07-28T14:00:00Z","2021-07-28T15:00:00Z","2022-03-07T13:04:23Z","","730hi8rqc4sm7uf0fpnl9jlk8h@google.com","","2021-07-27T17:02:54Z","","2021-07-27T17:02:54Z","","0","CONFIRMED","[Member][Chatting] Wine(?) Party!","OPAQUE"
"2021-07-29T23:00:00Z","2021-07-30T00:00:00Z","2022-03-07T13:04:23Z","","0guf7opereq6j0ejf393hj8j8j@google.com","","2021-07-27T17:04:49Z","","2021-07-27T17:04:50Z","","0","CONFIRMED","[Member][Art] Drawing Challenge!","OPAQUE"
"2021-07-31T14:00:00Z","","2022-03-07T13:04:23Z","","1n2s75t6c6pfq0mi3s7cah5a12@google.com","","2021-07-27T17:05:09Z","","2021-07-31T09:51:24Z","https://www.youtube.com/watch?v=p4vzp9MCg1w","0","CONFIRMED","[Song Release] Envy Baby Cover","OPAQUE"
"2021-08-02T02:00:00Z","2021-08-02T02:15:00Z","2022-03-07T13:04:23Z","","19jq1odfu0f3n6v30h55orjun9@google.com","","2021-08-01T12:24:41Z","","2021-08-01T12:24:44Z","https://www.youtube.com/watch?v=Z5VxUvL_uBo","0","CONFIRMED","[MV Release] Grim Reaper is a Live-Streamer MV","OPAQUE"
"2021-08-04T14:00:00Z","2021-08-04T15:00:00Z","2022-03-07T13:04:23Z","","6k73jbb48r8glgo1o0vqjbq8qm@google.com","","2021-08-03T18:02:20Z","","2021-08-04T04:29:45Z","https://www.youtube.com/watch?v=dyt_yf5NozE","0","CONFIRMED","[Chatting] I'm Back","OPAQUE"
"2021-08-05T04:00:00Z","2021-08-05T05:00:00Z","2022-03-07T13:04:23Z","","7k6mn0fo40v8hr5gtqg9s70gj6@google.com","","2021-08-03T18:02:39Z","","2021-08-04T17:17:00Z","https://www.youtube.com/watch?v=Xl6pDllXK_k","0","CONFIRMED","[Gaming] Henry Stickmin ","OPAQUE"
"2021-08-07T11:00:00Z","2021-08-07T12:00:00Z","2022-03-07T13:04:23Z","","20kerh14ojbac7sl9f78kacddd@google.com","","2021-08-03T18:02:54Z","","2021-08-07T07:55:20Z","https://youtu.be/2eBWomozP3s","2","CONFIRMED","[Gaming] Everhood","OPAQUE"
"2021-08-08T12:00:00Z","2021-08-08T13:00:00Z","2022-03-07T13:04:23Z","","3q32i1ji3l6o8ia42g2lbvasvh@google.com","","2021-08-03T18:09:33Z","","2021-08-08T12:32:48Z","https://youtu.be/oCHOFJTY6nU","0","CONFIRMED","[Chatting] EN teaching stream: Vacation Memories","OPAQUE"
"2021-08-08T15:45:00Z","2021-08-08T16:45:00Z","2022-03-07T13:04:23Z","","6hj3gpb4chi3ib9p74q3eb9kcpimcbb16ksj8b9p6dijae32ckqj4cb560@google.com","","2021-08-08T15:57:37Z","","2021-08-08T15:58:29Z","https://www.youtube.com/watch?v=i8iMixLcJ5w","0","CONFIRMED","[Superchat Reading] Late Night Chilling and Thank You's!","OPAQUE"
"2021-08-09T03:00:00Z","2021-08-09T04:00:00Z","2022-03-07T13:04:23Z","","4f2o2lnn0b2hrijosjl7cv6pnd@google.com","","2021-08-03T18:03:20Z","","2021-08-09T14:19:50Z","https://youtu.be/xd5p2MH1tiQ","0","CONFIRMED","[Chatting] ASMR","OPAQUE"
"2021-08-10T02:00:00Z","2021-08-10T03:00:00Z","2022-03-07T13:04:23Z","","32k1so2eeka7qdqnkcrudnnovd@google.com","","2021-08-03T18:03:41Z","","2021-08-09T16:01:02Z","https://www.youtube.com/watch?v=_nX02E3i4rk","0","CONFIRMED","[Gaming] Bloodstained : Ritual of the Night","OPAQUE"
"2021-08-14T16:00:00Z","2021-08-14T16:30:00Z","2022-03-07T13:04:23Z","","1350ln0ko1u24175l0e2ae5ra1@google.com","","2021-08-10T16:23:02Z","","2021-08-14T15:33:21Z","https://www.youtube.com/watch?v=qi3HiWNWY4M","1","CONFIRMED","[Karaoke][Unarchived] Mori x Milky Queen karaoke","OPAQUE"
"2021-08-14T14:00:00Z","2021-08-14T15:00:00Z","2022-03-07T13:04:23Z","","6bv3n89vgqdd4oktli4ntdub5o@google.com","","2021-08-10T16:22:46Z","","2021-08-14T15:33:47Z","https://www.youtube.com/watch?v=QPK2gk2WNrw","0","CONFIRMED","[Karaoke] Mori x Milky Queen karaoke","OPAQUE"
"2021-08-15T14:00:00Z","2021-08-15T15:00:00Z","2022-03-07T13:04:23Z","","7oh5a9k58agcjminq0qfdhcuud@google.com","","2021-08-10T16:23:32Z","","2021-08-15T08:31:48Z","https://www.youtube.com/watch?v=1dlWRiPeeic","0","CONFIRMED","[Gaming] Guilty Gear: Strive","OPAQUE"
"2021-08-16T04:00:00Z","2021-08-16T05:00:00Z","2022-03-07T13:04:23Z","","7tjk0c412shec3ce0k6emgfv2n@google.com","","2021-08-15T08:30:38Z","","2021-08-15T17:01:03Z","https://www.youtube.com/watch?v=t691HA_OHnE","0","CONFIRMED","[Gaming] Bloodstained","OPAQUE"
"2021-08-16T09:00:00Z","2021-08-16T10:00:00Z","2022-03-07T13:04:23Z","","3mdqp15dcset5277t8n1r3f9bc@google.com","","2021-08-10T16:24:04Z","","2021-08-16T04:27:01Z","https://www.youtube.com/watch?v=RUZZd0q1cGQ","2","CONFIRMED","[Chatting] Rikka x Calli - Spiral Tones Remix review","OPAQUE"
"2021-08-17T04:00:00Z","2021-08-17T05:00:00Z","2022-03-07T13:04:23Z","","69e80bvlg2lptto3j39mh6nd43@google.com","","2021-08-16T15:35:29Z","","2021-08-16T15:36:17Z","https://www.youtube.com/watch?v=75d6uskxTpY","0","CONFIRMED","[Gaming] Bloodstained: Ritual of the Night - Extra Endings","OPAQUE"
"2021-08-18T04:00:00Z","2021-08-18T05:00:00Z","2022-03-07T13:04:23Z","","0f83ce71hslf36kknjv9ch624p@google.com","","2021-08-16T16:34:03Z","","2021-08-17T17:42:49Z","https://www.youtube.com/watch?v=pjSojAEp48M","5","CONFIRMED","[Gaming] Idol Manager","OPAQUE"
"2021-08-19T04:00:00Z","2021-08-19T05:00:00Z","2022-03-07T13:04:23Z","","1bpj3kes1smken3p3dpvcqcihp@google.com","","2021-08-10T16:23:48Z","","2021-08-18T11:41:49Z","https://www.youtube.com/watch?v=hPRoh9XPxn4","1","CONFIRMED","[Gaming] Doom Eternal with bbq party","OPAQUE"
"2021-08-18T14:00:00Z","2021-08-18T15:00:00Z","2022-03-07T13:04:23Z","","38d34sie63ni9ih4a0h4jfdpgj@google.com","","2021-08-16T20:09:46Z","","2021-08-18T11:41:56Z","https://www.youtube.com/watch?v=9OtR59JTcMU","0","CONFIRMED","[Gaming] Shadowverse Card Reveal","OPAQUE"
"2021-08-21T14:00:00Z","2021-08-21T15:00:00Z","2022-03-07T13:04:23Z","","18i0u0lopvgbal82dcp4knrdof@google.com","","2021-08-16T20:10:26Z","","2021-08-19T08:03:24Z","","0","CONFIRMED","[Member][Chatting] T1, 2, 3 - Just Chatting","OPAQUE"
"2021-08-23T15:00:00Z","2021-08-23T16:00:00Z","2022-03-07T13:04:23Z","","5qeblvp9dnjqg5ivcflv08rkpi@google.com","","2021-08-16T20:10:42Z","","2021-08-23T13:30:41Z","https://youtu.be/EawC9vslIw8","1","CONFIRMED","[Chatting] Summer Pool Party!","OPAQUE"
"2021-08-29T14:00:00Z","2021-08-29T15:00:00Z","2022-03-07T13:04:23Z","","47nns9j8v48ho52u6ug5e1ults@google.com","","2021-08-24T12:43:20Z","","2021-08-24T12:43:34Z","","2","CONFIRMED","[Member][Chatting] T2, 3 - making breakfast!","OPAQUE"
"2021-08-26T14:00:00Z","2021-08-26T14:15:00Z","2022-03-07T13:04:23Z","","5djerigcrdndaenuh948j8cjt4@google.com","","2021-08-24T12:41:49Z","","2021-08-24T19:49:31Z","https://www.youtube.com/watch?v=PluDFsVo3z0","0","CONFIRMED","[MV Release] - Bully","OPAQUE"
"2021-08-28T13:00:00Z","2021-08-28T14:00:00Z","2022-03-07T13:04:23Z","","0q3qqan1r09f0v7d4v2nc1l3d1@google.com","","2021-08-24T12:42:51Z","","2021-08-28T00:05:02Z","https://www.youtube.com/watch?v=Ei7-riVCeYs","1","CONFIRMED","[Chatting] Haachama, Mori - Special Eikaiwa, Teaching Haachama English!","TRANSPARENT"
"2021-08-30T21:00:00Z","2021-08-30T22:00:00Z","2022-03-07T13:04:23Z","","7a6tv87i0r73nf43p0phs98vof@google.com","","2021-08-24T12:43:53Z","","2021-08-30T17:15:02Z","","4","CONFIRMED","[Member] T3 - Planning a session","OPAQUE"
"2021-09-01T16:00:00Z","2021-09-01T17:00:00Z","2022-03-07T13:04:23Z","","502begrci1fmtbetvtn6cmuqik@google.com","","2021-08-31T16:15:32Z","","2021-09-01T04:10:56Z","https://www.youtube.com/watch?v=Rv2dR9uXrmw","0","CONFIRMED","[Chatting] Just chatting","OPAQUE"
"2021-09-02T16:00:00Z","2021-09-02T17:00:00Z","2022-03-07T13:04:23Z","","24nfqtt1eufrbrajmb2u3kdhb5@google.com","","2021-08-31T16:15:52Z","","2021-09-02T01:26:52Z","https://www.youtube.com/watch?v=Xgs17QiHjCI","0","CONFIRMED","[Gaming] Smol Ame","OPAQUE"
"2021-09-05T14:00:00Z","2021-09-05T14:30:00Z","2022-03-07T13:04:23Z","","4kl6tsfstnagqh4fl40cj06j5a@google.com","","2021-08-31T16:16:44Z","","2021-09-05T14:07:00Z","https://www.youtube.com/watch?v=zxVgPS_sMjM","2","CONFIRMED","[Shitpost] - Please Stop","TRANSPARENT"
"2021-09-12T13:00:00Z","2021-09-12T14:00:00Z","2022-03-07T13:04:23Z","","3fjn3teohgjl6m2uh2g4ljmo24@google.com","","2021-09-07T20:13:12Z","","2021-09-07T20:13:12Z","","0","CONFIRMED","[Watchalong] Debut Rewatch - 1 year anniversary","OPAQUE"
"2021-09-09T04:00:00Z","2021-09-09T05:00:00Z","2022-03-07T13:04:23Z","","1hjq5dhmogft3l5kh3uupqn7l4@google.com","","2021-09-07T20:11:15Z","","2021-09-08T10:10:29Z","https://www.youtube.com/watch?v=AUOuCbS0_Ww","0","CONFIRMED","[Chatting] Sunset ASMR","OPAQUE"
"2021-09-10T13:00:00Z","2021-09-10T14:00:00Z","2022-03-07T13:04:23Z","","7hs3ccgmmsgqifbi6si09ckvj1@google.com","","2021-09-07T20:11:34Z","","2021-09-10T07:49:55Z","https://www.youtube.com/watch?v=p9jB_S4t8k0","0","CONFIRMED","[Gaming] 12 Minutes","OPAQUE"
"2021-09-12T04:00:00Z","2021-09-12T05:00:00Z","2022-03-07T13:04:23Z","","6t67kgcelj3ls7mt38int0e3vi@google.com","","2021-09-07T20:12:45Z","","2021-09-11T08:15:06Z","https://www.youtube.com/watch?v=FvtNfOuWrGU","0","CONFIRMED","[Gaming] Doom Eternal","OPAQUE"
"2021-09-14T14:00:00Z","2021-09-14T15:00:00Z","2022-03-07T13:04:23Z","","6cq3ic9l6sr36b9gcos68b9kccqm6bb2ccq3ibb1c9j6cc1m6ooj2eb368@google.com","","2021-09-14T05:45:26Z","","2021-09-14T09:16:17Z","https://www.youtube.com/watch?v=HqTZmS6UyN4","0","CONFIRMED","[Gaming] Core Games","OPAQUE"
"2021-09-19T14:00:00Z","2021-09-19T15:00:00Z","2022-03-07T13:04:23Z","","6gp34c366srjeb9p6op3eb9kc5imab9p60pjcbb16orjap1n61j38e1o6g@google.com","","2021-09-14T05:46:37Z","","2021-09-14T15:40:39Z","","2","CONFIRMED","[Members] Chatting","OPAQUE"
"2021-09-16T03:00:00Z","2021-09-16T04:00:00Z","2022-03-07T13:04:23Z","","70p62c35c8p66b9gc4r66b9kcgs64b9o6pi6abb5c9h3eo9i6gq3cdb46k@google.com","","2021-09-08T03:36:06Z","","2021-09-15T13:31:40Z","https://www.youtube.com/watch?v=gpasMn9CE9w","2","CONFIRMED","[Gaming] Minecraft Marathon","OPAQUE"
"2021-09-17T03:00:00Z","2021-09-17T04:00:00Z","2022-03-07T13:04:23Z","","1ft3lp9ab7ocf50jrnpcv5jnrg@google.com","","2021-09-14T15:42:11Z","","2021-09-17T08:40:40Z","https://www.youtube.com/watch?v=Q6dOqX8Dfsw","0","CONFIRMED","[Superchat] Anniversary Supers","OPAQUE"
"2021-09-18T03:00:00Z","2021-09-18T04:00:00Z","2022-03-07T13:04:23Z","","cpi3goho70r6cb9n61j66b9k60rj8bb1cks68b9o74r62cpg6thj0dj46g@google.com","","2021-09-14T05:46:24Z","","2021-09-17T11:25:38Z","https://www.youtube.com/watch?v=C_amw744_RE","3","CONFIRMED","[Gaming] Jump King","OPAQUE"
"2021-09-27T02:00:00Z","2021-09-27T03:00:00Z","2022-03-07T13:04:23Z","","2vnufg1flpjcmbensgqs1fijlh@google.com","","2021-09-21T04:36:02Z","","2021-09-21T04:36:02Z","","0","CONFIRMED","[Gaming] Doom Eternal","OPAQUE"
"2021-09-26T04:00:00Z","2021-09-26T05:00:00Z","2022-03-07T13:04:23Z","","5jsckgjd0p7tprjloglf83kdn7@google.com","","2021-09-21T04:38:27Z","","2021-09-21T04:38:27Z","","0","CONFIRMED","[Member][Watchalong] T2,3 - Watchalong","OPAQUE"
"2021-09-28T14:00:00Z","2021-09-28T15:00:00Z","2022-03-07T13:04:23Z","","1clgifmuab6khgel242vkee9rp@google.com","","2021-09-21T04:39:41Z","","2021-09-21T04:39:41Z","","0","CONFIRMED","[Member][Karaoke] T3 - Karaoke","OPAQUE"
"2021-09-25T14:00:00Z","2021-09-25T15:00:00Z","2022-03-07T13:04:23Z","","cpi30cb465i68bb36gs38b9k6opm2b9occrjgb9g71i3acho6spjachkco@google.com","","2021-09-01T17:29:12Z","","2021-09-21T04:41:39Z","","1","CONFIRMED","[Unarchived][Karaoke] Unarchived Rap Karaoke","OPAQUE"
"2021-09-26T02:00:00Z","2021-09-26T03:00:00Z","2022-03-07T13:04:23Z","","2uumojingib269apo0vqbtb1a9@google.com","","2021-09-21T04:38:04Z","","2021-09-25T18:09:08Z","https://youtube.com/watch?v=Xzyjp26hS88","0","CONFIRMED","[Chatting] Karaoke afterparty","OPAQUE"
"2021-10-16T03:00:00Z","2021-10-16T04:00:00Z","2022-03-07T13:04:23Z","","3n662mtledv1koeak9nltjuiua@google.com","","2021-09-25T18:27:18Z","","2021-09-25T18:27:18Z","","0","CONFIRMED","[Unarchived][Karaoke] Endurance Rap practice","OPAQUE"
"2021-10-04T02:00:00Z","2021-10-04T03:00:00Z","2022-03-07T13:04:23Z","","1inqo786idco1ef1qbi9monvb2@google.com","","2021-09-28T16:07:58Z","","2021-09-28T16:07:58Z","","0","CONFIRMED","[Watchalong] Evil Dead","OPAQUE"
"2021-09-29T13:00:00Z","2021-09-29T14:00:00Z","2022-03-07T13:04:23Z","","22heuuhcobqf30c9jcme8oovn9@google.com","","2021-09-28T16:02:44Z","","2021-09-29T11:27:46Z","https://www.youtube.com/watch?v=TxepfYOKHNQ","0","CONFIRMED","[Gaming] Minecraft","OPAQUE"
"2021-10-01T01:00:00Z","2021-10-01T02:00:00Z","2022-03-07T13:04:23Z","","6kq3gp1mclgj2b9kcgrjeb9kc4q3ebb269i68b9mc4s32chn6koj2eb268@google.com","","2021-09-27T06:23:03Z","","2021-09-30T14:59:32Z","https://www.youtube.com/watch?v=BXB26PzV31k","2","CONFIRMED","[Song Release] End of a Life","OPAQUE"
"2021-10-03T14:00:00Z","2021-10-03T15:00:00Z","2022-03-07T13:04:23Z","","7128ffaois8bgvmmlh0htaoun0@google.com","","2021-09-28T16:07:39Z","","2021-10-02T11:34:52Z","https://www.youtube.com/watch?v=f5kW0Ub1xuI","0","CONFIRMED","[Chatting] Let's Chat!","OPAQUE"
"2021-10-12T04:00:00Z","2021-10-12T05:00:00Z","2022-03-07T13:04:23Z","","7h3jk5e3mtg9o367nat6mam3da@google.com","","2021-10-03T14:32:10Z","","2021-10-03T14:33:16Z","","0","CONFIRMED","[Member][Karaoke] Archived Member's karaoke","OPAQUE"
"2021-10-05T02:00:00Z","2021-10-05T03:00:00Z","2022-03-07T13:04:23Z","","4v2rpbamkqa12s2b89s4k9mfrf@google.com","","2021-09-28T16:08:18Z","","2021-10-04T12:47:34Z","https://www.youtube.com/watch?v=1JllC0gqfEM","0","CONFIRMED","[Rebroadcast][Karaoke] Rap Karaoke re-broadcast","OPAQUE"
"2021-10-05T13:00:00Z","2021-10-05T14:00:00Z","2022-03-07T13:04:23Z","","6c80tme7v2l61qkjv23ld9mg3k@google.com","","2021-10-03T09:36:36Z","","2021-10-04T13:05:49Z","https://www.youtube.com/watch?v=9pTuFS9lwGs","0","CONFIRMED","[Chatting] English Learning","OPAQUE"
"2021-10-06T00:00:00Z","2021-10-06T01:00:00Z","2022-03-07T13:04:23Z","","3q19pg3q6b3mkgvt84h874qtsc@google.com","","2021-10-05T04:12:06Z","","2021-10-05T04:12:06Z","","0","CONFIRMED","[Gaming] Doom Eternal","OPAQUE"
"2021-10-07T13:00:00Z","2021-10-07T14:00:00Z","2022-03-07T13:04:23Z","","1jvaffnbrh0l7vfqmer6akjo0l@google.com","","2021-10-05T04:12:27Z","","2021-10-06T17:15:51Z","https://www.youtube.com/watch?v=aOS2KlnHEj8","0","CONFIRMED","[Art] Drawing my Senpai","OPAQUE"
"2021-10-08T02:00:00Z","2021-10-08T03:00:00Z","2022-03-07T13:04:23Z","","7bmp0d78599jp6b6q2dsfum00l@google.com","","2021-10-05T04:12:42Z","","2021-10-07T17:02:10Z","https://www.youtube.com/watch?v=RkedZGqWQrQ","0","CONFIRMED","[Karaoke] Angst, Unarchived","OPAQUE"
"2021-10-09T14:00:00Z","2021-10-09T15:00:00Z","2022-03-07T13:04:23Z","","77pjqb1tpvt32jhl5h10p9fdc0@google.com","","2021-09-27T12:28:06Z","","2021-10-09T01:19:32Z","https://www.twitch.tv/dokomitv","0","CONFIRMED","[Guest appearance] Concert @ Digikomi","OPAQUE"
"2021-10-11T02:00:00Z","2021-10-11T03:00:00Z","2022-03-07T13:04:23Z","","7f9qtfe5khu2c80jk6o4jfdcdm@google.com","","2021-10-05T04:13:23Z","","2021-10-10T17:26:33Z","https://www.youtube.com/watch?v=kCVaZ9_CkWA","1","CONFIRMED","[Watchalong] Evil Dead 2 and 3","OPAQUE"
"2021-10-17T14:00:00Z","2021-10-17T15:00:00Z","2022-03-07T13:04:23Z","","2trtom0i1o5c4og9s7a0u7nlue@google.com","","2021-10-12T13:46:32Z","","2021-10-13T02:32:38Z","","0","CONFIRMED","[Rebroadcast] Angst Karaoke","OPAQUE"
"2021-10-13T13:00:00Z","2021-10-13T14:00:00Z","2022-03-07T13:04:23Z","","0lhbkneha6hkbka6hphgnqsu48@google.com","","2021-10-12T13:46:15Z","","2021-10-13T02:37:44Z","https://youtu.be/i2Q4_kIsYGE","0","CONFIRMED","[Gaming] Fan Made Games","OPAQUE"
"2021-10-14T03:00:00Z","2021-10-14T04:00:00Z","2022-03-07T13:04:23Z","","445d930ta9250r6cdbfl19ekqs@google.com","","2021-10-12T13:46:22Z","","2021-10-13T08:07:32Z","","0","CONFIRMED","[Gaming] Monster Hunter: Rise (Steam Edition)","OPAQUE"
"2021-10-15T08:00:00Z","2021-10-15T09:00:00Z","2022-03-07T13:04:23Z","","290u2313vuhi7ojftnsl18lmk1@google.com","","2021-10-12T13:46:29Z","","2021-10-16T14:40:10Z","","1","CONFIRMED","[Gaming] Jump King ft. Baelz and IRyS","OPAQUE"
"2021-10-18T02:00:00Z","2021-10-18T03:00:00Z","2022-03-07T13:04:23Z","","3qf5mitg3g84rof64nhu9086h2@google.com","","2021-10-12T13:46:53Z","","2021-10-17T15:57:21Z","","0","CONFIRMED","[Watchalong] Final Destination (2000) + Scary Godmother","OPAQUE"
"2021-10-20T02:00:00Z","2021-10-20T03:00:00Z","2022-03-07T13:04:23Z","","7cp3vsp0rh83vikr2rf7urbmgc@google.com","","2021-10-19T14:02:10Z","","2021-10-19T14:02:10Z","","0","CONFIRMED","[Chatting] Free Talk!","OPAQUE"
"2021-10-21T14:00:00Z","2021-10-21T15:00:00Z","2022-03-07T13:04:23Z","","18v0bj6oaf9ig84d6724iq6dn2@google.com","","2021-10-19T14:02:26Z","","2021-10-19T14:02:26Z","","0","CONFIRMED","[Member][Gaming] Fall Guys","OPAQUE"
"2021-10-26T14:00:00Z","2021-10-26T15:00:00Z","2022-03-07T13:04:23Z","","7bars9mhvin3n0i6kth5clvu0h@google.com","","2021-10-19T14:03:41Z","","2021-10-25T12:39:46Z","https://www.youtube.com/watch?v=Gx53HcRwHM8","2","CONFIRMED","[Gaming] Doom Eternal","OPAQUE"
"2021-10-29T07:00:00Z","2021-10-29T08:00:00Z","2022-03-07T13:04:23Z","","49jnu30h48oh9q04runqe6j5fe@google.com","","2021-10-26T13:12:47Z","","2021-10-26T13:12:47Z","","0","CONFIRMED","[Gaming] Jump King (JumpKast Ft. Friends)","OPAQUE"
"2021-10-29T10:00:00Z","2021-10-29T11:00:00Z","2022-03-07T13:04:23Z","","77k0f087vmn0l1igga6ipg98gn@google.com","","2021-10-26T18:01:18Z","","2021-10-27T10:02:24Z","https://www.youtube.com/watch?v=OSw_0FmjmEE","1","CONFIRMED","[Song Release] Crown - Boogey Voxx Ft. Mori Calliope","OPAQUE"
"2021-10-31T03:00:00Z","2021-10-31T04:00:00Z","2022-03-07T13:04:23Z","","4tmm6s1cvh969ilk4hg4hla7vb@google.com","","2021-10-26T13:13:09Z","","2021-10-30T01:46:03Z","","1","CONFIRMED","[Member][ASMR] Spooky Story ASMR","OPAQUE"
"2021-11-01T02:00:00Z","2021-11-01T02:30:00Z","2022-03-07T13:04:23Z","","29ij3c23mpbt5mnto3hk8i7mu0@google.com","","2021-10-26T13:13:24Z","","2021-11-01T10:29:13Z","https://www.youtube.com/watch?v=TIgcVT4SfGw","2","CONFIRMED","[Song Release] Graveyard Shift ft. Boogey Voxx","OPAQUE"
"2021-11-01T03:00:00Z","2021-11-01T04:00:00Z","2022-03-07T13:04:23Z","","46urp82bghjlc04qr0ihujgln2@google.com","","2021-10-26T13:13:42Z","","2021-11-01T10:30:58Z","https://www.youtube.com/watch?v=L4KFd23wgr8","0","CONFIRMED","[Chatting] Halloween Party","OPAQUE"
"2021-11-08T02:00:00Z","2021-11-08T03:00:00Z","2022-03-07T13:04:23Z","","0q3q264an8tgcm9oltre3jkfeh@google.com","","2021-11-02T02:04:57Z","","2021-11-02T02:04:57Z","","0","CONFIRMED","[Gaming] Minecraft Marathon","OPAQUE"
"2021-11-03T02:00:00Z","2021-11-03T03:00:00Z","2022-03-07T13:04:23Z","","6ugl52s5m961n0c0pqcidcgit7@google.com","","2021-11-02T02:02:43Z","","2021-11-02T13:42:29Z","https://www.youtube.com/watch?v=jf4l1Hwjv8o","0","CONFIRMED","[Gaming] Jump King DLC","OPAQUE"
"2021-11-05T01:00:00Z","2021-11-05T02:00:00Z","2022-03-07T13:04:23Z","","00f30pu6go177chqloq5pqvbcv@google.com","","2021-11-02T02:02:53Z","","2021-11-05T11:05:49Z","https://www.youtube.com/watch?v=mcrXgIZvbuY","1","CONFIRMED","[Gaming] Doom Eternal Finale pt. 1","OPAQUE"
"2021-11-07T15:15:00Z","2021-11-07T16:00:00Z","2022-03-07T13:04:23Z","","1rkmrfe2chpqh0vp7movbp5ros@google.com","","2021-11-07T15:08:46Z","","2021-11-07T15:08:46Z","https://www.youtube.com/watch?v=wfC35FCMPiA","0","CONFIRMED","[Superchat] SC catchup - Feeling SUPER","OPAQUE"
"2021-11-07T13:00:00Z","2021-11-07T14:00:00Z","2022-03-07T13:04:23Z","","2p5dtho982i5d1r058daaugvmn@google.com","","2021-11-02T02:04:34Z","","2021-11-07T15:09:37Z","https://www.youtube.com/watch?v=LwzNCrrVcu0","1","CONFIRMED","[Chatting] Spa ASMR","OPAQUE"
"2021-11-07T02:00:00Z","2021-11-07T02:30:00Z","2022-03-07T13:04:23Z","","3fqpcude48ll4n4o1gr84t2gsq@google.com","","2021-11-02T02:04:16Z","","2021-11-07T20:34:21Z","","1","CONFIRMED","[Unarchived][Member][Karaoke] (Rebroadcast next week)","OPAQUE"
"2021-11-10T14:00:00Z","2021-11-10T15:00:00Z","2022-03-07T13:04:23Z","","0gh785mhh2uk2tv7btn8il4kcp@google.com","","2021-11-09T04:09:51Z","","2021-11-09T04:09:51Z","","0","CONFIRMED","[Members] Karaoke Rebroadcast","OPAQUE"
"2021-11-09T14:00:00Z","2021-11-09T15:00:00Z","2022-03-07T13:04:23Z","","66f5dnm1t2ortu5c3ur5kf8bk8@google.com","","2021-11-09T04:09:12Z","","2021-11-09T09:07:01Z","https://www.youtube.com/watch?v=TFkun5Csvzg","0","CONFIRMED","[Watchalong] Ghost Rider","OPAQUE"
"2021-11-06T12:15:00Z","2021-11-06T13:00:00Z","2022-03-07T13:04:23Z","","2ir6uhdhvp94bvcisd54mcmig0@google.com","","2021-11-05T11:04:29Z","","2021-11-11T12:09:11Z","https://www.youtube.com/watch?v=hYQTgdUu_E0","5","CONFIRMED","[Gaming] Doom Eternal finale pt. 2","OPAQUE"
"2021-11-12T20:00:00Z","2021-11-12T21:00:00Z","2022-03-07T13:04:23Z","","24r6k5hg55fl3tuo9hrvpmckb2@google.com","","2021-11-12T17:23:12Z","","2021-11-12T17:23:24Z","https://www.youtube.com/watch?v=h5QspNrKphM","0","CONFIRMED","[Trash Taste] Episode #74 Ft. Mori Calliope","OPAQUE"
"2021-11-15T01:00:00Z","2021-11-15T02:00:00Z","2022-03-07T13:04:23Z","","7miiq7dof2eua4rcjg1th8pb9t@google.com","","2021-11-09T04:10:41Z","","2021-11-14T17:38:09Z","https://www.youtube.com/watch?v=wAXko2yb3VY","1","CONFIRMED","[Gaming] Earthbound","OPAQUE"
"2021-11-14T01:00:00Z","2021-11-14T02:00:00Z","2022-03-07T13:04:23Z","","2rq47djl07g690v7n423omc46u@google.com","","2021-11-09T04:10:32Z","","2021-11-14T17:38:20Z","https://www.youtube.com/watch?v=jk0-3MV3bDU","1","CONFIRMED","[Gaming] Earthbound","OPAQUE"
"2021-11-13T02:00:00Z","2021-11-13T03:00:00Z","2022-03-07T13:04:23Z","","18b1senav54jilna2ip5plut51@google.com","","2021-11-09T04:10:17Z","","2021-11-14T17:38:42Z","https://www.youtube.com/watch?v=h3Unk-4Jiq8","0","CONFIRMED","[Gaming] Jump King DLC","OPAQUE"
"2021-11-17T06:00:00Z","2021-11-17T07:00:00Z","2022-03-07T13:04:23Z","","0scjsbrg9mq51hkmf5sjnijku3@google.com","","2021-11-15T06:50:09Z","","2021-11-15T06:50:09Z","","0","CONFIRMED","[Gaming] Jump King DLC","OPAQUE"
"2021-11-19T02:00:00Z","2021-11-19T03:00:00Z","2022-03-07T13:04:23Z","","2jlrin5bq13gc0l9ju1023h7nf@google.com","","2021-11-15T06:50:47Z","","2021-11-15T06:50:47Z","","0","CONFIRMED","[Gaming] Earthbound","OPAQUE"
"2021-11-20T14:00:00Z","2021-11-20T15:00:00Z","2022-03-07T13:04:23Z","","5p4j1d9ok9ish3obhj4go9c3o9@google.com","","2021-11-15T06:51:06Z","","2021-11-15T06:51:06Z","","0","CONFIRMED","[Members][Gaming] Mini Motorways and Chill","OPAQUE"
"2021-11-19T11:00:00Z","2021-11-19T12:00:00Z","2022-03-07T13:04:23Z","","0qg1q2ch36h43cn1oqugv31l2u@google.com","","2021-11-19T06:46:01Z","","2021-11-19T11:09:01Z","https://www.youtube.com/watch?v=C0IyiP-LEAo","1","CONFIRMED","[Gaming] Pokemon: Brilliant Diamond - Nuzlocke Lite","OPAQUE"
"2021-11-20T09:00:00Z","2021-11-20T10:00:00Z","2022-03-07T13:04:23Z","","0s2uuldgcnrfp3bj7mpukv62cf@google.com","","2021-11-19T10:08:31Z","","2021-11-19T18:57:38Z","https://www.youtube.com/watch?v=WXElr4IWeqQ","1","CONFIRMED","[Gaming] Pokemon: Brilliant Diamond - Nuzlocke Lite","OPAQUE"
"2021-11-21T03:15:00Z","2021-11-21T04:00:00Z","2022-03-07T13:04:23Z","","4mn5smtibnlm4rghokkn7fu3ag@google.com","","2021-11-15T06:51:17Z","","2021-11-21T03:26:49Z","https://www.youtube.com/watch?v=LMt2OpRIKtw","2","CONFIRMED","[Gaming] Earthbound","OPAQUE"
"2021-11-22T08:00:00Z","2021-11-22T09:00:00Z","2022-03-07T13:04:23Z","","42ihje839hkcp90n52d2ec76qv@google.com","","2021-11-21T15:07:02Z","","2021-11-21T15:07:02Z","https://www.youtube.com/watch?v=BfskippKoWc","0","CONFIRMED","[Gaming] Pokemon Nuzlocke lite","OPAQUE"
"2021-11-22T02:00:00Z","2021-11-22T03:00:00Z","2022-03-07T13:04:23Z","","5rd0e15oih12lota0eps6tg92o@google.com","","2021-11-15T06:51:27Z","","2021-11-21T15:07:11Z","https://www.youtube.com/watch?v=ZUSDHaXs29c","0","CONFIRMED","[Gaming] Earthbound","OPAQUE"
"2021-11-23T13:00:00Z","2021-11-23T14:00:00Z","2022-03-07T13:04:23Z","","0p8v32hvb6olp1itpm2gn8r5vi@google.com","","2021-11-22T03:20:55Z","","2021-11-22T03:20:55Z","","0","CONFIRMED","[Gaming] Pokemon : Brilliant Diamond","OPAQUE"
"2021-11-25T13:00:00Z","2021-11-25T14:00:00Z","2022-03-07T13:04:23Z","","46e2hjp5diupri0kkep9iir25u@google.com","","2021-11-22T03:21:18Z","","2021-11-24T15:58:55Z","https://www.youtube.com/watch?v=F-lINrfb-ng","0","CONFIRMED","[Gaming] Pokemon Brilliant Diamond","OPAQUE"
"2021-11-24T02:00:00Z","2021-11-24T03:00:00Z","2022-03-07T13:04:23Z","","2sikc7kvcsr1jphd6ckondnbbf@google.com","","2021-11-22T03:21:06Z","","2021-11-24T15:59:11Z","https://www.youtube.com/watch?v=bRQFHO9uGs8","0","CONFIRMED","[Gaming] Jump King DLC","OPAQUE"
"2021-11-26T13:00:00Z","2021-11-26T14:00:00Z","2022-03-07T13:04:23Z","","532j79iv0vthqq3ep29gakv7n6@google.com","","2021-11-22T03:21:31Z","","2021-11-26T19:28:46Z","https://www.youtube.com/watch?v=iNaOvyBtYas","2","CONFIRMED","[Gaming] Pokemon Brilliant Diamond","OPAQUE"
"2021-11-28T13:00:00Z","2021-11-28T14:00:00Z","2022-03-07T13:04:23Z","","2u6alu7u200l37pqcumksce40n@google.com","","2021-11-26T19:28:35Z","","2021-11-27T11:30:16Z","https://www.youtube.com/watch?v=UZf1N6fd4vw","0","CONFIRMED","[Gaming] Pokemon Brilliant Diamond","OPAQUE"
"2021-11-28T02:00:00Z","2021-11-28T03:00:00Z","2022-03-07T13:04:23Z","","17efl36dg8pjtc5p0edi1l6tb6@google.com","","2021-11-22T03:21:43Z","","2021-11-27T11:30:26Z","https://www.youtube.com/watch?v=WBbF_I39YMc","0","CONFIRMED","[Gaming] Earthbound","OPAQUE"
"2021-11-30T03:00:00Z","2021-11-30T04:00:00Z","2022-03-07T13:04:23Z","","1e6hca1cdle2d1cklvnmeisrhe@google.com","","2021-11-29T03:48:50Z","","2021-11-29T03:48:50Z","","0","CONFIRMED","[Members] Fall Guys","OPAQUE"
"2021-11-30T14:00:00Z","2021-11-30T15:00:00Z","2022-03-07T13:04:23Z","","4m5ajplhm8re715n3csvjegkn5@google.com","","2021-11-28T15:28:23Z","","2021-11-29T20:39:01Z","https://www.youtube.com/watch?v=aWWhjisKKlA","1","CONFIRMED","[Cover Release] Mori x Milky Queen - Usseewa","OPAQUE"
"2021-12-04T18:00:00Z","2021-12-04T19:00:00Z","2022-03-07T13:04:23Z","","1c6pgg9q7jjr9givhl7k3jjnoh@google.com","","2021-11-29T05:52:24Z","","2021-11-29T20:46:17Z","https://youtu.be/-qbtTYZztx8","1","CONFIRMED","[YT Music Weekend] Live Show","OPAQUE"
"2021-12-01T03:00:00Z","2021-12-01T04:00:00Z","2022-03-07T13:04:23Z","","0aas339h9o36gtmoj1d49pt81u@google.com","","2021-11-29T03:48:58Z","","2021-11-30T13:16:41Z","https://www.youtube.com/watch?v=IpSM4MDhUZM","0","CONFIRMED","[Gaming] Jump King DLC","OPAQUE"
"2021-12-06T04:00:00Z","2021-12-06T05:00:00Z","2022-03-07T13:04:23Z","","2dduio9mn4pt0r61ddmjm8g2nj@google.com","","2021-11-29T03:50:03Z","","2021-12-05T14:15:06Z","https://www.youtube.com/watch?v=1yAQhRP-UJ8","4","CONFIRMED","[Cooking] Earthbound Cooking stream","OPAQUE"
"2021-12-06T15:00:00Z","2021-12-06T16:00:00Z","2022-03-07T13:04:23Z","","4qcknsbvjudmtsu412caofgglh@google.com","","2021-12-06T12:05:53Z","","2021-12-06T12:05:53Z","https://www.youtube.com/watch?v=JFAkojHSeHE","0","CONFIRMED","[Superchat] Little chats and midnight supers!","OPAQUE"
"2021-12-07T14:00:00Z","2021-12-07T15:00:00Z","2022-03-07T13:04:23Z","","328f4a4m59taaffm9jdp6da0r4@google.com","","2021-11-29T03:50:12Z","","2021-12-07T10:29:24Z","https://www.youtube.com/watch?v=XYs43CYNUgE","1","CONFIRMED","[Karaoke] Musical","OPAQUE"
"2021-12-07T15:00:00Z","2021-12-07T16:00:00Z","2022-03-07T13:04:23Z","","35n71udj1js3kki9j7k5dcu37s@google.com","","2021-10-27T10:09:17Z","http://takuinoue-aliensep.com/","2021-12-07T16:33:08Z","https://www.youtube.com/watch?v=toRPUSEVHfE","0","CONFIRMED","[EP Release] Yona Yona Journey - (Aliens EP ft. Calliope Mori)","OPAQUE"
"2021-12-08T10:00:00Z","","2022-03-07T13:04:23Z","","4es86sfmr91r861dvr99cs58ug@google.com","","2021-12-08T06:26:25Z","","2021-12-08T10:39:19Z","https://www.youtube.com/watch?v=n_Sr35xFfxA","1","CONFIRMED","[MV Premiere] Yona Yona Journey ","OPAQUE"
"2021-12-09T14:00:00Z","2021-12-09T15:00:00Z","2022-03-07T13:04:23Z","","22q3400aujonlnamqj66h8fksm@google.com","","2021-12-06T01:10:23Z","","2021-12-08T13:12:02Z","https://www.youtube.com/watch?v=fm7DGv7KnDY","0","CONFIRMED","[Outfit] New Outfit reveal","OPAQUE"
"2021-12-10T03:00:00Z","2021-12-10T04:00:00Z","2022-03-07T13:04:23Z","","75s6lstiiijf142eis4jrq01ii@google.com","","2021-12-07T03:36:37Z","","2021-12-09T16:29:33Z","https://www.youtube.com/watch?v=iLg8GmSv6_o","0","CONFIRMED","[Karaoke] Smol Calli Concert","OPAQUE"
"2021-12-11T03:00:00Z","2021-12-11T04:00:00Z","2022-03-07T13:04:23Z","","6ctfpku3dv8j5sdmqe66gv5v47@google.com","","2021-12-07T03:37:02Z","","2021-12-10T09:13:52Z","https://www.youtube.com/watch?v=SqNm4CnCqws","0","CONFIRMED","[Gaming] Pokemon - Shiny Hunt","OPAQUE"
"2021-12-12T09:00:00Z","2021-12-12T10:00:00Z","2022-03-07T13:04:23Z","","0j9q8rg2b80n7a9ngu2jc2ebup@google.com","","2021-12-12T02:02:48Z","","2021-12-12T02:02:48Z","https://www.youtube.com/watch?v=cqLfHSpB29Y","0","CONFIRMED","[Chatting] New Outfit SC Reading","OPAQUE"
"2021-12-12T14:00:00Z","2021-12-12T15:00:00Z","2022-03-07T13:04:23Z","","76i0rpa8rnl1c0163kt4mac9pg@google.com","","2021-12-07T03:37:17Z","","2021-12-12T03:09:24Z","https://www.youtube.com/watch?v=nz86T0outD4","0","CONFIRMED","[Gaming] Jump King - Ghost of the Babe","OPAQUE"
"2021-12-13T14:00:00Z","2021-12-13T15:00:00Z","2022-03-07T13:04:23Z","","2guc0np0tdjb1m1pi4g42nlscq@google.com","","2021-12-07T03:37:44Z","","2021-12-13T01:25:23Z","","2","CONFIRMED","[Unarchived][Karaoke] Jazz Karaoke","OPAQUE"
"2021-12-19T14:00:00Z","2021-12-19T15:00:00Z","2022-03-07T13:04:23Z","","cos3ae1k74qjab9gc9j6cb9kcli34b9ocoo30b9g64s68c1jc4rj8p1g70@google.com","","2021-12-14T03:03:01Z","","2021-12-14T03:03:01Z","","0","CONFIRMED","[Members] Bar Chatting","OPAQUE"
"2021-12-15T11:30:00Z","2021-12-15T12:00:00Z","2022-03-07T13:04:23Z","","6li66cpg6thj6bb465j3ib9k6hh3cbb261gjgb9i6lijiohn74r66ob46c@google.com","","2021-12-14T03:01:46Z","","2021-12-15T07:50:41Z","https://www.youtube.com/watch?v=RkPNN8Je_QA","2","CONFIRMED","[Gaming] Jump King","OPAQUE"
"2021-12-17T14:00:00Z","2021-12-17T15:00:00Z","2022-03-07T13:04:23Z","","ckpjcchmccrjab9ncoq6cb9k6srmcb9o6os66b9j68q64cpjc8sj6dhnck@google.com","","2021-12-14T03:02:09Z","","2021-12-18T15:02:52Z","https://www.youtube.com/watch?v=jRJu4gFVACg","0","CONFIRMED","[Chatting] English Learning Stream - Bar Date","OPAQUE"
"2021-12-20T03:30:00Z","2021-12-20T04:00:00Z","2022-03-07T13:04:23Z","","5mgmbq0vcc3gscrtqd5va883av@google.com","","2021-12-07T14:45:05Z","","2021-12-20T12:50:56Z","","1","CONFIRMED","[Unarchived][Karaoke] Endurance Rap Stream: Hamilton","OPAQUE"
"2021-12-21T03:00:00Z","2021-12-21T04:00:00Z","2022-03-07T13:04:23Z","","ccqjic1o6ss30b9ncos66b9kcpi3cbb2cdh62b9m60rmaohn6cp3cc9ick@google.com","","2021-12-14T03:04:02Z","","2021-12-20T12:51:02Z","https://www.youtube.com/watch?v=fzS16Ln8ANQ","0","CONFIRMED","[Gaming] Shiny Giratina Hunt","OPAQUE"
"2021-12-22T13:00:00Z","2021-12-22T14:00:00Z","2022-03-07T13:04:23Z","","3k8v60l0gvri0fvjsnom5alap8@google.com","","2021-12-09T15:06:30Z","","2021-12-23T00:00:02Z","https://www.youtube.com/watch?v=-oEGOnWakrA","0","CONFIRMED","[Chatting] Holiday Party - Tree Decorations + Sweater Review","OPAQUE"
"2021-12-23T15:00:00Z","2021-12-23T16:00:00Z","2022-03-07T13:04:23Z","","70sj4ohg61ijeb9jcos3ab9k71hmcb9p6gsm4bb5ccojgchpcgsj6or270@google.com","","2021-12-21T03:32:56Z","","2021-12-23T14:28:21Z","https://youtu.be/IKxssi7l3a8","3","CONFIRMED","[Video] Christmas Gift #1","OPAQUE"
"2021-12-24T14:00:00Z","2021-12-24T15:00:00Z","2022-03-07T13:04:23Z","","61j38cb3c5ijgb9i64qj8b9kcgs34bb16opmcbb36kpm8c3561j32d1gck@google.com","","2021-12-21T03:32:39Z","","2021-12-24T12:48:58Z","https://www.youtube.com/watch?v=NbfECtkWiJk","0","CONFIRMED","[Video] Christmas Gift#2","OPAQUE"
"2021-12-25T15:00:00Z","2021-12-25T16:00:00Z","2022-03-07T13:04:23Z","","69gj4ob4ckpm6bb26gs3ib9kcoojeb9o6ssmabb468oj4e9j6lgj4d32c4@google.com","","2021-12-21T03:32:25Z","","2021-12-25T15:08:14Z","https://www.youtube.com/watch?v=k07mVCzx-zo","1","CONFIRMED","[Video] Christmas Gift #3","OPAQUE"
"2021-12-26T08:00:00Z","2021-12-26T09:00:00Z","2022-03-07T13:04:23Z","","648e6qf6msk8s0mdf6b6m595bm@google.com","","2021-12-26T06:27:42Z","","2021-12-26T06:27:50Z","https://www.youtube.com/watch?v=LoYVUaveEyk","0","CONFIRMED","[Gaming + Superchat Reading] Shiny Hunt","OPAQUE"
"2021-12-26T14:00:00Z","2021-12-26T15:00:00Z","2022-03-07T13:04:23Z","","ccrmco9gc8o3eb9l6orj4b9kcoomab9oclj3ib9hcli32c34cosj0p31cc@google.com","","2021-12-21T03:32:04Z","","2021-12-26T14:03:40Z","https://www.youtube.com/watch?v=3ABvKMbpYm4","0","CONFIRMED","[Karaoke] Hamilton Rebroadcast","OPAQUE"
"2021-12-27T13:00:00Z","2021-12-27T14:00:00Z","2022-03-07T13:04:23Z","","6n6fj1f4tmcdone9ti55fmo3ng@google.com","","2021-12-26T10:26:11Z","","2021-12-27T08:03:57Z","","3","CONFIRMED","[Collab] Eikawa with Takane Lui","OPAQUE"
"2021-12-27T04:30:00Z","2021-12-27T05:00:00Z","2022-03-07T13:04:23Z","","68oj0cr269hj0bb160r3eb9kccsj4b9o6lh3ab9o6tj3cp1k6kr64ohncg@google.com","","2021-12-21T03:31:41Z","","2021-12-27T15:11:24Z","","1","CONFIRMED","[Karaoke] Jazz Party Rebroadcast","OPAQUE"
"2021-12-28T03:00:00Z","2021-12-28T04:00:00Z","2022-03-07T13:04:23Z","","2ra89ogh5r6ot61jhhdqg5ko8k@google.com","","2021-12-27T15:11:42Z","","2021-12-27T15:11:42Z","","0","CONFIRMED","[Karaoke][Rebroadcast] Musical Karaoke","OPAQUE"
"2021-12-29T14:00:00Z","2021-12-29T15:00:00Z","2022-03-07T13:04:23Z","","6g5deoutnfj48b9dg5hqah5ih7@google.com","","2021-12-27T15:11:58Z","","2021-12-27T15:11:58Z","","0","CONFIRMED","[Member] Mini Motorways","OPAQUE"
"2021-12-30T03:00:00Z","2021-12-30T04:00:00Z","2022-03-07T13:04:23Z","","476gft1k8q8kff34g79i558muk@google.com","","2021-12-27T15:12:11Z","","2021-12-27T15:12:11Z","","0","CONFIRMED","[Gaming] Jump King - Speedruns","OPAQUE"
"2021-12-31T03:00:00Z","2021-12-31T04:00:00Z","2022-03-07T13:04:23Z","","5if0g2i13gru94vn7o242a0dkv@google.com","","2021-12-27T15:12:37Z","","2021-12-27T15:12:37Z","","0","CONFIRMED","[Member][Karaoke][Unarchived] Piano Karaoke Jamming","OPAQUE"
"2022-01-01T04:30:00Z","2022-01-01T05:00:00Z","2022-03-07T13:04:23Z","","1i8pneebgprp4l9tshn7uf5vj9@google.com","","2021-12-27T15:13:01Z","","2021-12-27T15:13:03Z","","0","CONFIRMED","[Chatting] New Year's Countdown (CST)!","OPAQUE"
"2022-01-01T03:30:00Z","2022-01-01T04:15:00Z","2022-03-07T13:04:23Z","","40p98kifcbkc4fgr1tjqlrjgi6@google.com","","2021-12-27T23:14:46Z","","2021-12-28T00:38:48Z","","0","CONFIRMED","[Karaoke] HoloEN new year's relay","OPAQUE"
"2022-01-05T13:00:00Z","2022-01-05T14:00:00Z","2022-03-07T13:04:23Z","","71s4qjpjlbuftdohsnplrf03p7@google.com","","2022-01-01T03:36:46Z","","2022-01-01T03:36:46Z","","0","CONFIRMED","[Gaming][Superchat] Pokemon - Shiny spiritomb hunt (with superchat reading)","OPAQUE"
"2022-01-08T01:00:00Z","2022-01-08T02:00:00Z","2022-03-07T13:04:23Z","","4q331of4pk38ces1p7u9ep58mt@google.com","","2022-01-07T14:19:37Z","","2022-01-07T14:19:37Z","https://www.youtube.com/watch?v=PL2iruXhjeM","0","CONFIRMED","[ASMR][Pre-recorded] Relaxing With You in an Underworld Hot Spring (Sleeping Aid)","OPAQUE"
"2022-01-09T13:00:00Z","2022-01-09T14:00:00Z","2022-03-07T13:04:23Z","","2pcte13hn75mhabk7s45lsg1rj@google.com","","2022-01-07T17:24:52Z","","2022-01-08T05:24:31Z","","0","CONFIRMED","[Member][Chatting] Mountaintop Chat","OPAQUE"
"2022-01-10T13:00:00Z","2022-01-10T14:00:00Z","2022-03-07T13:04:23Z","","5divi3c40u03jd1k30lgt4uahe@google.com","","2022-01-07T17:25:07Z","","2022-01-08T05:24:40Z","","0","CONFIRMED","[Chatting] JP Q&A","OPAQUE"
"2022-01-15T03:00:00Z","2022-01-15T04:00:00Z","2022-03-07T13:04:23Z","","34jp85kj718g2is6amjooml4fn@google.com","","2022-01-07T17:30:06Z","","2022-01-08T05:25:01Z","","0","CONFIRMED","[Member] Song Writing","OPAQUE"
"2022-01-08T14:00:00Z","2022-01-08T15:00:00Z","2022-03-07T13:04:23Z","","00bbpjl1jh8pioi80fv8o9a1gv@google.com","","2022-01-01T03:38:31Z","","2022-01-08T14:03:12Z","","2","CONFIRMED","[Re-broadcast][Member][Karaoke] Piano Karaoke re-broadcast","OPAQUE"
"2022-01-08T05:00:00Z","2022-01-08T06:00:00Z","2022-03-07T13:04:23Z","","4p3pbkod2e0h0amnr574n60rhn@google.com","","2022-01-07T17:23:49Z","","2022-01-08T14:03:19Z","https://www.youtube.com/watch?v=e9LztM02eQc","1","CONFIRMED","[Gaming] Jump King: Ghost of the Babe - Finale (pt. 3)","OPAQUE"
"2022-01-06T03:00:00Z","2022-01-06T04:00:00Z","2022-03-07T13:04:23Z","","6ocuqq2u4knud1dq9h0kfo317r@google.com","","2022-01-01T03:37:02Z","","2022-01-08T14:03:24Z","","0","CONFIRMED","[Gaming] Jump King: Ghost of the Babe - Finale (pt. 2)","OPAQUE"
"2022-01-03T03:00:00Z","2022-01-03T04:00:00Z","2022-03-07T13:04:23Z","","2p42tt9m53uhtkga6ejfcj9pa1@google.com","","2022-01-01T03:35:53Z","","2022-01-08T14:03:35Z","https://www.youtube.com/watch?v=4oKmfrYt6SY","0","CONFIRMED","[Gaming] Jump King: Ghost of the Babe - Finale (pt. 1) (12 hour stream)","OPAQUE"
"2022-01-08T23:00:00Z","2022-01-08T23:30:00Z","2022-03-07T13:04:23Z","","390gcu3a9viros7ipgsvvjtvb6@google.com","","2022-01-06T01:44:46Z","","2022-01-08T14:48:56Z","https://www.youtube.com/watch?v=8McYGxUKxc0","0","CONFIRMED","[New Outfit Reveal]","OPAQUE"
"2022-01-10T10:00:00Z","2022-01-10T11:00:00Z","2022-03-07T13:04:23Z","","14on96paop5l9ksbgavnertfg5@google.com","","2022-01-10T05:34:02Z","","2022-01-10T12:03:27Z","https://www.youtube.com/watch?v=Q77ExG-hh_M","1","CONFIRMED","[Gaming] Jump King: Ghost of the Babe - Finale (pt. 4)","OPAQUE"
"2022-01-12T13:00:00Z","2022-01-12T14:00:00Z","2022-03-07T13:04:23Z","","7ibhqpmss4onhbdl9igebel7er@google.com","","2022-01-07T17:25:17Z","","2022-01-12T12:15:10Z","https://www.youtube.com/watch?v=TmyfPojqg9Q","0","CONFIRMED","[Art] Drawing!","OPAQUE"
"2022-01-14T15:00:00Z","2022-01-14T16:00:00Z","2022-03-07T13:04:23Z","","37tut8r7unnkqkapg6qbpas12u@google.com","","2022-01-07T17:26:07Z","","2022-01-13T13:24:15Z","https://twitter.com/moricalliope","1","CONFIRMED","[Chatting] Twitter Space - JoJo talk","OPAQUE"
"2022-01-18T13:00:00Z","2022-01-18T14:00:00Z","2022-03-07T13:04:23Z","","23bv9mvthoect8u5i47jf86440@google.com","","2022-01-14T14:17:56Z","","2022-01-17T12:17:44Z","https://www.youtube.com/watch?v=1E66K-4G3o8","1","CONFIRMED","[Superchat] Pokemon Breeding and Superchats","OPAQUE"
"2022-01-23T03:00:00Z","2022-01-23T04:00:00Z","2022-03-07T13:04:23Z","","16v1kcm7l24i4lan79vlrl0fet@google.com","","2022-01-14T14:19:18Z","","2022-01-22T21:40:48Z","https://www.youtube.com/watch?v=qmUQeoT68dw","0","CONFIRMED","[Unarchived][Karaoke] Acoustic Karaoke","OPAQUE"
"2022-01-18T03:00:00Z","2022-01-18T04:00:00Z","2022-03-07T13:04:23Z","","585dq8mecpiscpa27jvhl73fej@google.com","","2022-01-14T14:18:06Z","","2022-01-22T21:41:15Z","https://www.youtube.com/watch?v=iJvbxzGh_a4","0","CONFIRMED","[Gaming] Jump King: Ghost of the Babe - Finale (pt. 5)","OPAQUE"
"2022-01-28T11:00:00Z","2022-01-28T12:00:00Z","2022-03-07T13:04:23Z","","1otcc6v28bo5f89nrbnm23rquk@google.com","","2022-01-27T18:45:12Z","","2022-01-27T18:45:12Z","https://www.youtube.com/watch?v=HEqGRabya7Q","0","CONFIRMED","[Gaming] Pokemon Legends: Arceus","OPAQUE"
"2022-01-28T23:00:00Z","2022-01-29T00:00:00Z","2022-03-07T13:04:23Z","","2coggg6iv3k1brvl3bu7tgd3ik@google.com","","2022-01-25T10:15:09Z","","2022-01-28T21:36:29Z","https://www.youtube.com/watch?v=cW_YcnKWujA","0","CONFIRMED","[Gaming] Shadowverse ft. Ironmouse","OPAQUE"
"2022-02-01T04:00:00Z","2022-02-01T05:00:00Z","2022-03-07T13:04:23Z","","1ggv801bpsvgr33vv8eds4heaq@google.com","","2022-01-31T13:00:11Z","","2022-01-31T13:00:11Z","https://www.youtube.com/watch?v=6RyL2F1EJ5c","0","CONFIRMED","[Gaming] Needy Streamer Overdose","OPAQUE"
"2022-02-10T03:00:00Z","2022-02-10T04:00:00Z","2022-03-07T13:04:23Z","","cko64c346hi6cb9n60p34b9k69h6cbb165gj2bb2ckr6acb6cgs3ipho68@google.com","","2022-02-03T12:17:00Z","","2022-02-03T12:21:12Z","","1","CONFIRMED","[Unarchived][Karaoke] Jojo's Bizzare Adventure Karaoke","OPAQUE"
"2022-02-06T04:00:00Z","2022-02-06T05:00:00Z","2022-03-07T13:04:23Z","","0sus6h2fvpnrh1eahk70rr8ruq@google.com","","2022-02-04T14:22:44Z","","2022-02-04T14:23:14Z","","0","CONFIRMED","[Member][Art] Chill Drawing and Writing.","OPAQUE"
"2022-02-05T12:00:00Z","2022-02-05T13:00:00Z","2022-03-07T13:04:23Z","","3eso8dk973r4id93hl4nupsc5n@google.com","","2022-02-04T15:24:17Z","","2022-02-04T15:24:54Z","https://www.youtube.com/watch?v=npdJmuzPPaA","1","CONFIRMED","[Chatting] Japanese Lesson - ft. Lui","OPAQUE"
"2022-02-08T12:00:00Z","2022-02-08T13:00:00Z","2022-03-07T13:04:23Z","","3oq7mtbl75nl5uf20q2qeg7i8h@google.com","","2022-02-08T03:41:34Z","","2022-02-08T03:41:34Z","https://www.youtube.com/watch?v=QDVH1HKPqnc","0","CONFIRMED","[Gaming] Hypnospace Outlaw","OPAQUE"
"2022-02-09T14:00:00Z","2022-02-09T15:00:00Z","2022-03-07T13:04:23Z","","1p1uafocfqn43nevnaha1jj0st@google.com","","2022-02-09T11:52:56Z","","2022-02-09T11:52:56Z","https://www.youtube.com/watch?v=0WshLMuaCBI","0","CONFIRMED","[Chatting] Happy (early) Valentines Day!","OPAQUE"
"2022-02-10T22:30:00Z","2022-02-10T23:30:00Z","2022-03-07T13:04:23Z","","6m1iim6qr6bcfqa9c615arbfbb@google.com","","2022-02-10T12:57:26Z","","2022-02-10T12:57:26Z","https://www.youtube.com/watch?v=jYNXHo-KqAU","0","CONFIRMED","[Superchat] Supers and Bye-bye - One last hurrah before my break!","OPAQUE"
"2022-02-14T13:00:00Z","2022-02-14T14:00:00Z","2022-03-07T13:04:23Z","","6gkjm3e9vabnta9h1kbr9baefq@google.com","","2022-02-13T16:48:12Z","","2022-02-14T03:16:13Z","https://youtu.be/X6zqDeW_SGk","3","CONFIRMED","[Just Mori]","OPAQUE"
"2022-02-21T14:00:00Z","2022-02-21T15:00:00Z","2022-03-07T13:04:23Z","","0e7cc44qqgrpakpirqeodeiuk7@google.com","","2022-02-17T10:15:59Z","","2022-02-17T10:15:59Z","","0","CONFIRMED","[Unarchived][Karaoke] Jojo Karaoke rebroadcast","OPAQUE"
"2022-02-22T14:00:00Z","2022-02-22T15:00:00Z","2022-03-07T13:04:23Z","","00mn3b8necuj1qj9o2707iamr9@google.com","","2022-02-17T10:16:18Z","","2022-02-17T10:16:18Z","","0","CONFIRMED","[Unarchived][Karaoke] Acoustic Karaoke rebroadcast","OPAQUE"
"2022-02-26T15:00:00Z","2022-02-26T16:00:00Z","2022-03-07T13:04:23Z","","6hk25qdi27ij81jgvoenafst9d@google.com","","2022-02-24T02:33:53Z","","2022-02-26T05:40:04Z","","2","CONFIRMED","[Superchats] Chatting + Supers","OPAQUE"
"2022-02-27T14:00:00Z","2022-02-27T15:00:00Z","2022-03-07T13:04:23Z","","32q46693hdp1fmi1olbm99t9fd@google.com","","2022-02-24T02:34:02Z","","2022-02-27T07:36:20Z","","1","CONFIRMED","[Members] Song Writing","OPAQUE"
"2022-03-08T14:00:00Z","2022-03-08T15:00:00Z","2022-03-07T13:04:23Z","","4mkd5ubbkgsuu2cn3vetphknbv@google.com","","2022-03-03T22:15:55Z","","2022-03-04T23:14:26Z","","2","CONFIRMED","[Gaming] Elden Ring","OPAQUE"
"2022-03-05T14:30:00Z","2022-03-05T15:30:00Z","2022-03-07T13:04:23Z","","0v1rv9lbc49o3mbu213iiffise@google.com","","2022-03-05T09:31:59Z","","2022-03-05T09:32:05Z","https://www.youtube.com/watch?v=goyhasCj5s8","0","CONFIRMED","[Gaming] Elden Ring #02","OPAQUE"
"2022-03-04T03:00:00Z","2022-03-04T04:00:00Z","2022-03-07T13:04:23Z","","2qa6sms8bispctgana64afvs3n@google.com","","2022-03-03T22:15:14Z","","2022-03-05T09:32:09Z","","0","CONFIRMED","[Gaming] Elden Ring #01","OPAQUE"
"2022-03-06T04:00:00Z","2022-03-06T05:00:00Z","2022-03-07T13:04:23Z","","75fcean1tgu3hfdaf1j7i9i6sr@google.com","","2022-03-05T21:12:21Z","","2022-03-05T21:12:21Z","","0","CONFIRMED","[Gaming] Elden Ring","OPAQUE"
"2022-03-13T05:00:00Z","2022-03-13T06:00:00Z","2022-03-07T13:04:23Z","","1gv0rnt9u1qa6ojcu6m8q9ngof@google.com","","2022-03-06T23:57:16Z","","2022-03-06T23:57:16Z","","0","CONFIRMED","[Gaming] Off collab Outlast with Lui","OPAQUE"